DATE,SP500
2014-09-17 00:00:00,2001.57
2014-09-18 00:00:00,2011.36
2014-09-19 00:00:00,2010.4
2014-09-22 00:00:00,1994.29
2014-09-23 00:00:00,1982.77
2014-09-24 00:00:00,1998.3
2014-09-25 00:00:00,1965.99
2014-09-26 00:00:00,1982.85
2014-09-29 00:00:00,1977.8
2014-09-30 00:00:00,1972.29
2014-10-01 00:00:00,1946.16
2014-10-02 00:00:00,1946.17
2014-10-03 00:00:00,1967.9
2014-10-06 00:00:00,1964.82
2014-10-07 00:00:00,1935.1
2014-10-08 00:00:00,1968.89
2014-10-09 00:00:00,1928.21
2014-10-10 00:00:00,1906.13
2014-10-13 00:00:00,1874.74
2014-10-14 00:00:00,1877.7
2014-10-15 00:00:00,1862.49
2014-10-16 00:00:00,1862.76
2014-10-17 00:00:00,1886.76
2014-10-20 00:00:00,1904.01
2014-10-21 00:00:00,1941.28
2014-10-22 00:00:00,1927.11
2014-10-23 00:00:00,1950.82
2014-10-24 00:00:00,1964.58
2014-10-27 00:00:00,1961.63
2014-10-28 00:00:00,1985.05
2014-10-29 00:00:00,1982.3
2014-10-30 00:00:00,1994.65
2014-10-31 00:00:00,2018.05
2014-11-03 00:00:00,2017.81
2014-11-04 00:00:00,2012.1
2014-11-05 00:00:00,2023.57
2014-11-06 00:00:00,2031.21
2014-11-07 00:00:00,2031.92
2014-11-10 00:00:00,2038.26
2014-11-11 00:00:00,2039.68
2014-11-12 00:00:00,2038.25
2014-11-13 00:00:00,2039.33
2014-11-14 00:00:00,2039.82
2014-11-17 00:00:00,2041.32
2014-11-18 00:00:00,2051.8
2014-11-19 00:00:00,2048.72
2014-11-20 00:00:00,2052.75
2014-11-21 00:00:00,2063.5
2014-11-24 00:00:00,2069.41
2014-11-25 00:00:00,2067.03
2014-11-26 00:00:00,2072.83
2014-11-27 00:00:00,.
2014-11-28 00:00:00,2067.56
2014-12-01 00:00:00,2053.44
2014-12-02 00:00:00,2066.55
2014-12-03 00:00:00,2074.33
2014-12-04 00:00:00,2071.92
2014-12-05 00:00:00,2075.37
2014-12-08 00:00:00,2060.31
2014-12-09 00:00:00,2059.82
2014-12-10 00:00:00,2026.14
2014-12-11 00:00:00,2035.33
2014-12-12 00:00:00,2002.33
2014-12-15 00:00:00,1989.63
2014-12-16 00:00:00,1972.74
2014-12-17 00:00:00,2012.89
2014-12-18 00:00:00,2061.23
2014-12-19 00:00:00,2070.65
2014-12-22 00:00:00,2078.54
2014-12-23 00:00:00,2082.17
2014-12-24 00:00:00,2081.88
2014-12-25 00:00:00,.
2014-12-26 00:00:00,2088.77
2014-12-29 00:00:00,2090.57
2014-12-30 00:00:00,2080.35
2014-12-31 00:00:00,2058.9
2015-01-01 00:00:00,.
2015-01-02 00:00:00,2058.2
2015-01-05 00:00:00,2020.58
2015-01-06 00:00:00,2002.61
2015-01-07 00:00:00,2025.9
2015-01-08 00:00:00,2062.14
2015-01-09 00:00:00,2044.81
2015-01-12 00:00:00,2028.26
2015-01-13 00:00:00,2023.03
2015-01-14 00:00:00,2011.27
2015-01-15 00:00:00,1992.67
2015-01-16 00:00:00,2019.42
2015-01-19 00:00:00,.
2015-01-20 00:00:00,2022.55
2015-01-21 00:00:00,2032.12
2015-01-22 00:00:00,2063.15
2015-01-23 00:00:00,2051.82
2015-01-26 00:00:00,2057.09
2015-01-27 00:00:00,2029.55
2015-01-28 00:00:00,2002.16
2015-01-29 00:00:00,2021.25
2015-01-30 00:00:00,1994.99
2015-02-02 00:00:00,2020.85
2015-02-03 00:00:00,2050.03
2015-02-04 00:00:00,2041.51
2015-02-05 00:00:00,2062.52
2015-02-06 00:00:00,2055.47
2015-02-09 00:00:00,2046.74
2015-02-10 00:00:00,2068.59
2015-02-11 00:00:00,2068.53
2015-02-12 00:00:00,2088.48
2015-02-13 00:00:00,2096.99
2015-02-16 00:00:00,.
2015-02-17 00:00:00,2100.34
2015-02-18 00:00:00,2099.68
2015-02-19 00:00:00,2097.45
2015-02-20 00:00:00,2110.3
2015-02-23 00:00:00,2109.66
2015-02-24 00:00:00,2115.48
2015-02-25 00:00:00,2113.86
2015-02-26 00:00:00,2110.74
2015-02-27 00:00:00,2104.5
2015-03-02 00:00:00,2117.39
2015-03-03 00:00:00,2107.78
2015-03-04 00:00:00,2098.53
2015-03-05 00:00:00,2101.04
2015-03-06 00:00:00,2071.26
2015-03-09 00:00:00,2079.43
2015-03-10 00:00:00,2044.16
2015-03-11 00:00:00,2040.24
2015-03-12 00:00:00,2065.95
2015-03-13 00:00:00,2053.4
2015-03-16 00:00:00,2081.19
2015-03-17 00:00:00,2074.28
2015-03-18 00:00:00,2099.5
2015-03-19 00:00:00,2089.27
2015-03-20 00:00:00,2108.1
2015-03-23 00:00:00,2104.42
2015-03-24 00:00:00,2091.5
2015-03-25 00:00:00,2061.05
2015-03-26 00:00:00,2056.15
2015-03-27 00:00:00,2061.02
2015-03-30 00:00:00,2086.24
2015-03-31 00:00:00,2067.89
2015-04-01 00:00:00,2059.69
2015-04-02 00:00:00,2066.96
2015-04-03 00:00:00,.
2015-04-06 00:00:00,2080.62
2015-04-07 00:00:00,2076.33
2015-04-08 00:00:00,2081.9
2015-04-09 00:00:00,2091.18
2015-04-10 00:00:00,2102.06
2015-04-13 00:00:00,2092.43
2015-04-14 00:00:00,2095.84
2015-04-15 00:00:00,2106.63
2015-04-16 00:00:00,2104.99
2015-04-17 00:00:00,2081.18
2015-04-20 00:00:00,2100.4
2015-04-21 00:00:00,2097.29
2015-04-22 00:00:00,2107.96
2015-04-23 00:00:00,2112.93
2015-04-24 00:00:00,2117.69
2015-04-27 00:00:00,2108.92
2015-04-28 00:00:00,2114.76
2015-04-29 00:00:00,2106.85
2015-04-30 00:00:00,2085.51
2015-05-01 00:00:00,2108.29
2015-05-04 00:00:00,2114.49
2015-05-05 00:00:00,2089.46
2015-05-06 00:00:00,2080.15
2015-05-07 00:00:00,2088
2015-05-08 00:00:00,2116.1
2015-05-11 00:00:00,2105.33
2015-05-12 00:00:00,2099.12
2015-05-13 00:00:00,2098.48
2015-05-14 00:00:00,2121.1
2015-05-15 00:00:00,2122.73
2015-05-18 00:00:00,2129.2
2015-05-19 00:00:00,2127.83
2015-05-20 00:00:00,2125.85
2015-05-21 00:00:00,2130.82
2015-05-22 00:00:00,2126.06
2015-05-25 00:00:00,.
2015-05-26 00:00:00,2104.2
2015-05-27 00:00:00,2123.48
2015-05-28 00:00:00,2120.79
2015-05-29 00:00:00,2107.39
2015-06-01 00:00:00,2111.73
2015-06-02 00:00:00,2109.6
2015-06-03 00:00:00,2114.07
2015-06-04 00:00:00,2095.84
2015-06-05 00:00:00,2092.83
2015-06-08 00:00:00,2079.28
2015-06-09 00:00:00,2080.15
2015-06-10 00:00:00,2105.2
2015-06-11 00:00:00,2108.86
2015-06-12 00:00:00,2094.11
2015-06-15 00:00:00,2084.43
2015-06-16 00:00:00,2096.29
2015-06-17 00:00:00,2100.44
2015-06-18 00:00:00,2121.24
2015-06-19 00:00:00,2109.99
2015-06-22 00:00:00,2122.85
2015-06-23 00:00:00,2124.2
2015-06-24 00:00:00,2108.58
2015-06-25 00:00:00,2102.31
2015-06-26 00:00:00,2101.49
2015-06-29 00:00:00,2057.64
2015-06-30 00:00:00,2063.11
2015-07-01 00:00:00,2077.42
2015-07-02 00:00:00,2076.78
2015-07-03 00:00:00,.
2015-07-06 00:00:00,2068.76
2015-07-07 00:00:00,2081.34
2015-07-08 00:00:00,2046.68
2015-07-09 00:00:00,2051.31
2015-07-10 00:00:00,2076.62
2015-07-13 00:00:00,2099.6
2015-07-14 00:00:00,2108.95
2015-07-15 00:00:00,2107.4
2015-07-16 00:00:00,2124.29
2015-07-17 00:00:00,2126.64
2015-07-20 00:00:00,2128.28
2015-07-21 00:00:00,2119.21
2015-07-22 00:00:00,2114.15
2015-07-23 00:00:00,2102.15
2015-07-24 00:00:00,2079.65
2015-07-27 00:00:00,2067.64
2015-07-28 00:00:00,2093.25
2015-07-29 00:00:00,2108.57
2015-07-30 00:00:00,2108.63
2015-07-31 00:00:00,2103.84
2015-08-03 00:00:00,2098.04
2015-08-04 00:00:00,2093.32
2015-08-05 00:00:00,2099.84
2015-08-06 00:00:00,2083.56
2015-08-07 00:00:00,2077.57
2015-08-10 00:00:00,2104.18
2015-08-11 00:00:00,2084.07
2015-08-12 00:00:00,2086.05
2015-08-13 00:00:00,2083.39
2015-08-14 00:00:00,2091.54
2015-08-17 00:00:00,2102.44
2015-08-18 00:00:00,2096.92
2015-08-19 00:00:00,2079.61
2015-08-20 00:00:00,2035.73
2015-08-21 00:00:00,1970.89
2015-08-24 00:00:00,1893.21
2015-08-25 00:00:00,1867.61
2015-08-26 00:00:00,1940.51
2015-08-27 00:00:00,1987.66
2015-08-28 00:00:00,1988.87
2015-08-31 00:00:00,1972.18
2015-09-01 00:00:00,1913.85
2015-09-02 00:00:00,1948.86
2015-09-03 00:00:00,1951.13
2015-09-04 00:00:00,1921.22
2015-09-07 00:00:00,.
2015-09-08 00:00:00,1969.41
2015-09-09 00:00:00,1942.04
2015-09-10 00:00:00,1952.29
2015-09-11 00:00:00,1961.05
2015-09-14 00:00:00,1953.03
2015-09-15 00:00:00,1978.09
2015-09-16 00:00:00,1995.31
2015-09-17 00:00:00,1990.2
2015-09-18 00:00:00,1958.03
2015-09-21 00:00:00,1966.97
2015-09-22 00:00:00,1942.74
2015-09-23 00:00:00,1938.76
2015-09-24 00:00:00,1932.24
2015-09-25 00:00:00,1931.34
2015-09-28 00:00:00,1881.77
2015-09-29 00:00:00,1884.09
2015-09-30 00:00:00,1920.03
2015-10-01 00:00:00,1923.82
2015-10-02 00:00:00,1951.36
2015-10-05 00:00:00,1987.05
2015-10-06 00:00:00,1979.92
2015-10-07 00:00:00,1995.83
2015-10-08 00:00:00,2013.43
2015-10-09 00:00:00,2014.89
2015-10-12 00:00:00,2017.46
2015-10-13 00:00:00,2003.69
2015-10-14 00:00:00,1994.24
2015-10-15 00:00:00,2023.86
2015-10-16 00:00:00,2033.11
2015-10-19 00:00:00,2033.66
2015-10-20 00:00:00,2030.77
2015-10-21 00:00:00,2018.94
2015-10-22 00:00:00,2052.51
2015-10-23 00:00:00,2075.15
2015-10-26 00:00:00,2071.18
2015-10-27 00:00:00,2065.89
2015-10-28 00:00:00,2090.35
2015-10-29 00:00:00,2089.41
2015-10-30 00:00:00,2079.36
2015-11-02 00:00:00,2104.05
2015-11-03 00:00:00,2109.79
2015-11-04 00:00:00,2102.31
2015-11-05 00:00:00,2099.93
2015-11-06 00:00:00,2099.2
2015-11-09 00:00:00,2078.58
2015-11-10 00:00:00,2081.72
2015-11-11 00:00:00,2075
2015-11-12 00:00:00,2045.97
2015-11-13 00:00:00,2023.04
2015-11-16 00:00:00,2053.19
2015-11-17 00:00:00,2050.44
2015-11-18 00:00:00,2083.58
2015-11-19 00:00:00,2081.24
2015-11-20 00:00:00,2089.17
2015-11-23 00:00:00,2086.59
2015-11-24 00:00:00,2089.14
2015-11-25 00:00:00,2088.87
2015-11-26 00:00:00,.
2015-11-27 00:00:00,2090.11
2015-11-30 00:00:00,2080.41
2015-12-01 00:00:00,2102.63
2015-12-02 00:00:00,2079.51
2015-12-03 00:00:00,2049.62
2015-12-04 00:00:00,2091.69
2015-12-07 00:00:00,2077.07
2015-12-08 00:00:00,2063.59
2015-12-09 00:00:00,2047.62
2015-12-10 00:00:00,2052.23
2015-12-11 00:00:00,2012.37
2015-12-14 00:00:00,2021.94
2015-12-15 00:00:00,2043.41
2015-12-16 00:00:00,2073.07
2015-12-17 00:00:00,2041.89
2015-12-18 00:00:00,2005.55
2015-12-21 00:00:00,2021.15
2015-12-22 00:00:00,2038.97
2015-12-23 00:00:00,2064.29
2015-12-24 00:00:00,2060.99
2015-12-25 00:00:00,.
2015-12-28 00:00:00,2056.5
2015-12-29 00:00:00,2078.36
2015-12-30 00:00:00,2063.36
2015-12-31 00:00:00,2043.94
2016-01-01 00:00:00,.
2016-01-04 00:00:00,2012.66
2016-01-05 00:00:00,2016.71
2016-01-06 00:00:00,1990.26
2016-01-07 00:00:00,1943.09
2016-01-08 00:00:00,1922.03
2016-01-11 00:00:00,1923.67
2016-01-12 00:00:00,1938.68
2016-01-13 00:00:00,1890.28
2016-01-14 00:00:00,1921.84
2016-01-15 00:00:00,1880.33
2016-01-18 00:00:00,.
2016-01-19 00:00:00,1881.33
2016-01-20 00:00:00,1859.33
2016-01-21 00:00:00,1868.99
2016-01-22 00:00:00,1906.9
2016-01-25 00:00:00,1877.08
2016-01-26 00:00:00,1903.63
2016-01-27 00:00:00,1882.95
2016-01-28 00:00:00,1893.36
2016-01-29 00:00:00,1940.24
2016-02-01 00:00:00,1939.38
2016-02-02 00:00:00,1903.03
2016-02-03 00:00:00,1912.53
2016-02-04 00:00:00,1915.45
2016-02-05 00:00:00,1880.05
2016-02-08 00:00:00,1853.44
2016-02-09 00:00:00,1852.21
2016-02-10 00:00:00,1851.86
2016-02-11 00:00:00,1829.08
2016-02-12 00:00:00,1864.78
2016-02-15 00:00:00,.
2016-02-16 00:00:00,1895.58
2016-02-17 00:00:00,1926.82
2016-02-18 00:00:00,1917.83
2016-02-19 00:00:00,1917.78
2016-02-22 00:00:00,1945.5
2016-02-23 00:00:00,1921.27
2016-02-24 00:00:00,1929.8
2016-02-25 00:00:00,1951.7
2016-02-26 00:00:00,1948.05
2016-02-29 00:00:00,1932.23
2016-03-01 00:00:00,1978.35
2016-03-02 00:00:00,1986.45
2016-03-03 00:00:00,1993.4
2016-03-04 00:00:00,1999.99
2016-03-07 00:00:00,2001.76
2016-03-08 00:00:00,1979.26
2016-03-09 00:00:00,1989.26
2016-03-10 00:00:00,1989.57
2016-03-11 00:00:00,2022.19
2016-03-14 00:00:00,2019.64
2016-03-15 00:00:00,2015.93
2016-03-16 00:00:00,2027.22
2016-03-17 00:00:00,2040.59
2016-03-18 00:00:00,2049.58
2016-03-21 00:00:00,2051.6
2016-03-22 00:00:00,2049.8
2016-03-23 00:00:00,2036.71
2016-03-24 00:00:00,2035.94
2016-03-25 00:00:00,.
2016-03-28 00:00:00,2037.05
2016-03-29 00:00:00,2055.01
2016-03-30 00:00:00,2063.95
2016-03-31 00:00:00,2059.74
2016-04-01 00:00:00,2072.78
2016-04-04 00:00:00,2066.13
2016-04-05 00:00:00,2045.17
2016-04-06 00:00:00,2066.66
2016-04-07 00:00:00,2041.91
2016-04-08 00:00:00,2047.6
2016-04-11 00:00:00,2041.99
2016-04-12 00:00:00,2061.72
2016-04-13 00:00:00,2082.42
2016-04-14 00:00:00,2082.78
2016-04-15 00:00:00,2080.73
2016-04-18 00:00:00,2094.34
2016-04-19 00:00:00,2100.8
2016-04-20 00:00:00,2102.4
2016-04-21 00:00:00,2091.48
2016-04-22 00:00:00,2091.58
2016-04-25 00:00:00,2087.79
2016-04-26 00:00:00,2091.7
2016-04-27 00:00:00,2095.15
2016-04-28 00:00:00,2075.81
2016-04-29 00:00:00,2065.3
2016-05-02 00:00:00,2081.43
2016-05-03 00:00:00,2063.37
2016-05-04 00:00:00,2051.12
2016-05-05 00:00:00,2050.63
2016-05-06 00:00:00,2057.14
2016-05-09 00:00:00,2058.69
2016-05-10 00:00:00,2084.39
2016-05-11 00:00:00,2064.46
2016-05-12 00:00:00,2064.11
2016-05-13 00:00:00,2046.61
2016-05-16 00:00:00,2066.66
2016-05-17 00:00:00,2047.21
2016-05-18 00:00:00,2047.63
2016-05-19 00:00:00,2040.04
2016-05-20 00:00:00,2052.32
2016-05-23 00:00:00,2048.04
2016-05-24 00:00:00,2076.06
2016-05-25 00:00:00,2090.54
2016-05-26 00:00:00,2090.1
2016-05-27 00:00:00,2099.06
2016-05-30 00:00:00,.
2016-05-31 00:00:00,2096.96
2016-06-01 00:00:00,2099.33
2016-06-02 00:00:00,2105.26
2016-06-03 00:00:00,2099.13
2016-06-06 00:00:00,2109.41
2016-06-07 00:00:00,2112.13
2016-06-08 00:00:00,2119.12
2016-06-09 00:00:00,2115.48
2016-06-10 00:00:00,2096.07
2016-06-13 00:00:00,2079.06
2016-06-14 00:00:00,2075.32
2016-06-15 00:00:00,2071.5
2016-06-16 00:00:00,2077.99
2016-06-17 00:00:00,2071.22
2016-06-20 00:00:00,2083.25
2016-06-21 00:00:00,2088.9
2016-06-22 00:00:00,2085.45
2016-06-23 00:00:00,2113.32
2016-06-24 00:00:00,2037.41
2016-06-27 00:00:00,2000.54
2016-06-28 00:00:00,2036.09
2016-06-29 00:00:00,2070.77
2016-06-30 00:00:00,2098.86
2016-07-01 00:00:00,2102.95
2016-07-04 00:00:00,.
2016-07-05 00:00:00,2088.55
2016-07-06 00:00:00,2099.73
2016-07-07 00:00:00,2097.9
2016-07-08 00:00:00,2129.9
2016-07-11 00:00:00,2137.16
2016-07-12 00:00:00,2152.14
2016-07-13 00:00:00,2152.43
2016-07-14 00:00:00,2163.75
2016-07-15 00:00:00,2161.74
2016-07-18 00:00:00,2166.89
2016-07-19 00:00:00,2163.78
2016-07-20 00:00:00,2173.02
2016-07-21 00:00:00,2165.17
2016-07-22 00:00:00,2175.03
2016-07-25 00:00:00,2168.48
2016-07-26 00:00:00,2169.18
2016-07-27 00:00:00,2166.58
2016-07-28 00:00:00,2170.06
2016-07-29 00:00:00,2173.6
2016-08-01 00:00:00,2170.84
2016-08-02 00:00:00,2157.03
2016-08-03 00:00:00,2163.79
2016-08-04 00:00:00,2164.25
2016-08-05 00:00:00,2182.87
2016-08-08 00:00:00,2180.89
2016-08-09 00:00:00,2181.74
2016-08-10 00:00:00,2175.49
2016-08-11 00:00:00,2185.79
2016-08-12 00:00:00,2184.05
2016-08-15 00:00:00,2190.15
2016-08-16 00:00:00,2178.15
2016-08-17 00:00:00,2182.22
2016-08-18 00:00:00,2187.02
2016-08-19 00:00:00,2183.87
2016-08-22 00:00:00,2182.64
2016-08-23 00:00:00,2186.9
2016-08-24 00:00:00,2175.44
2016-08-25 00:00:00,2172.47
2016-08-26 00:00:00,2169.04
2016-08-29 00:00:00,2180.38
2016-08-30 00:00:00,2176.12
2016-08-31 00:00:00,2170.95
2016-09-01 00:00:00,2170.86
2016-09-02 00:00:00,2179.98
2016-09-05 00:00:00,.
2016-09-06 00:00:00,2186.48
2016-09-07 00:00:00,2186.16
2016-09-08 00:00:00,2181.3
2016-09-09 00:00:00,2127.81
2016-09-12 00:00:00,2159.04
2016-09-13 00:00:00,2127.02
2016-09-14 00:00:00,2125.77
2016-09-15 00:00:00,2147.26
2016-09-16 00:00:00,2139.16
2016-09-19 00:00:00,2139.12
2016-09-20 00:00:00,2139.76
2016-09-21 00:00:00,2163.12
2016-09-22 00:00:00,2177.18
2016-09-23 00:00:00,2164.69
2016-09-26 00:00:00,2146.1
2016-09-27 00:00:00,2159.93
2016-09-28 00:00:00,2171.37
2016-09-29 00:00:00,2151.13
2016-09-30 00:00:00,2168.27
2016-10-03 00:00:00,2161.2
2016-10-04 00:00:00,2150.49
2016-10-05 00:00:00,2159.73
2016-10-06 00:00:00,2160.77
2016-10-07 00:00:00,2153.74
2016-10-10 00:00:00,2163.66
2016-10-11 00:00:00,2136.73
2016-10-12 00:00:00,2139.18
2016-10-13 00:00:00,2132.55
2016-10-14 00:00:00,2132.98
2016-10-17 00:00:00,2126.5
2016-10-18 00:00:00,2139.6
2016-10-19 00:00:00,2144.29
2016-10-20 00:00:00,2141.34
2016-10-21 00:00:00,2141.16
2016-10-24 00:00:00,2151.33
2016-10-25 00:00:00,2143.16
2016-10-26 00:00:00,2139.43
2016-10-27 00:00:00,2133.04
2016-10-28 00:00:00,2126.41
2016-10-31 00:00:00,2126.15
2016-11-01 00:00:00,2111.72
2016-11-02 00:00:00,2097.94
2016-11-03 00:00:00,2088.66
2016-11-04 00:00:00,2085.18
2016-11-07 00:00:00,2131.52
2016-11-08 00:00:00,2139.56
2016-11-09 00:00:00,2163.26
2016-11-10 00:00:00,2167.48
2016-11-11 00:00:00,2164.45
2016-11-14 00:00:00,2164.2
2016-11-15 00:00:00,2180.39
2016-11-16 00:00:00,2176.94
2016-11-17 00:00:00,2187.12
2016-11-18 00:00:00,2181.9
2016-11-21 00:00:00,2198.18
2016-11-22 00:00:00,2202.94
2016-11-23 00:00:00,2204.72
2016-11-24 00:00:00,.
2016-11-25 00:00:00,2213.35
2016-11-28 00:00:00,2201.72
2016-11-29 00:00:00,2204.66
2016-11-30 00:00:00,2198.81
2016-12-01 00:00:00,2191.08
2016-12-02 00:00:00,2191.95
2016-12-05 00:00:00,2204.71
2016-12-06 00:00:00,2212.23
2016-12-07 00:00:00,2241.35
2016-12-08 00:00:00,2246.19
2016-12-09 00:00:00,2259.53
2016-12-12 00:00:00,2256.96
2016-12-13 00:00:00,2271.72
2016-12-14 00:00:00,2253.28
2016-12-15 00:00:00,2262.03
2016-12-16 00:00:00,2258.07
2016-12-19 00:00:00,2262.53
2016-12-20 00:00:00,2270.76
2016-12-21 00:00:00,2265.18
2016-12-22 00:00:00,2260.96
2016-12-23 00:00:00,2263.79
2016-12-26 00:00:00,.
2016-12-27 00:00:00,2268.88
2016-12-28 00:00:00,2249.92
2016-12-29 00:00:00,2249.26
2016-12-30 00:00:00,2238.83
2017-01-02 00:00:00,.
2017-01-03 00:00:00,2257.83
2017-01-04 00:00:00,2270.75
2017-01-05 00:00:00,2269
2017-01-06 00:00:00,2276.98
2017-01-09 00:00:00,2268.9
2017-01-10 00:00:00,2268.9
2017-01-11 00:00:00,2275.32
2017-01-12 00:00:00,2270.44
2017-01-13 00:00:00,2274.64
2017-01-16 00:00:00,.
2017-01-17 00:00:00,2267.89
2017-01-18 00:00:00,2271.89
2017-01-19 00:00:00,2263.69
2017-01-20 00:00:00,2271.31
2017-01-23 00:00:00,2265.2
2017-01-24 00:00:00,2280.07
2017-01-25 00:00:00,2298.37
2017-01-26 00:00:00,2296.68
2017-01-27 00:00:00,2294.69
2017-01-30 00:00:00,2280.9
2017-01-31 00:00:00,2278.87
2017-02-01 00:00:00,2279.55
2017-02-02 00:00:00,2280.85
2017-02-03 00:00:00,2297.42
2017-02-06 00:00:00,2292.56
2017-02-07 00:00:00,2293.08
2017-02-08 00:00:00,2294.67
2017-02-09 00:00:00,2307.87
2017-02-10 00:00:00,2316.1
2017-02-13 00:00:00,2328.25
2017-02-14 00:00:00,2337.58
2017-02-15 00:00:00,2349.25
2017-02-16 00:00:00,2347.22
2017-02-17 00:00:00,2351.16
2017-02-20 00:00:00,.
2017-02-21 00:00:00,2365.38
2017-02-22 00:00:00,2362.82
2017-02-23 00:00:00,2363.81
2017-02-24 00:00:00,2367.34
2017-02-27 00:00:00,2369.75
2017-02-28 00:00:00,2363.64
2017-03-01 00:00:00,2395.96
2017-03-02 00:00:00,2381.92
2017-03-03 00:00:00,2383.12
2017-03-06 00:00:00,2375.31
2017-03-07 00:00:00,2368.39
2017-03-08 00:00:00,2362.98
2017-03-09 00:00:00,2364.87
2017-03-10 00:00:00,2372.6
2017-03-13 00:00:00,2373.47
2017-03-14 00:00:00,2365.45
2017-03-15 00:00:00,2385.26
2017-03-16 00:00:00,2381.38
2017-03-17 00:00:00,2378.25
2017-03-20 00:00:00,2373.47
2017-03-21 00:00:00,2344.02
2017-03-22 00:00:00,2348.45
2017-03-23 00:00:00,2345.96
2017-03-24 00:00:00,2343.98
2017-03-27 00:00:00,2341.59
2017-03-28 00:00:00,2358.57
2017-03-29 00:00:00,2361.13
2017-03-30 00:00:00,2368.06
2017-03-31 00:00:00,2362.72
2017-04-03 00:00:00,2358.84
2017-04-04 00:00:00,2360.16
2017-04-05 00:00:00,2352.95
2017-04-06 00:00:00,2357.49
2017-04-07 00:00:00,2355.54
2017-04-10 00:00:00,2357.16
2017-04-11 00:00:00,2353.78
2017-04-12 00:00:00,2344.93
2017-04-13 00:00:00,2328.95
2017-04-14 00:00:00,.
2017-04-17 00:00:00,2349.01
2017-04-18 00:00:00,2342.19
2017-04-19 00:00:00,2338.17
2017-04-20 00:00:00,2355.84
2017-04-21 00:00:00,2348.69
2017-04-24 00:00:00,2374.15
2017-04-25 00:00:00,2388.61
2017-04-26 00:00:00,2387.45
2017-04-27 00:00:00,2388.77
2017-04-28 00:00:00,2384.2
2017-05-01 00:00:00,2388.33
2017-05-02 00:00:00,2391.17
2017-05-03 00:00:00,2388.13
2017-05-04 00:00:00,2389.52
2017-05-05 00:00:00,2399.29
2017-05-08 00:00:00,2399.38
2017-05-09 00:00:00,2396.92
2017-05-10 00:00:00,2399.63
2017-05-11 00:00:00,2394.44
2017-05-12 00:00:00,2390.9
2017-05-15 00:00:00,2402.32
2017-05-16 00:00:00,2400.67
2017-05-17 00:00:00,2357.03
2017-05-18 00:00:00,2365.72
2017-05-19 00:00:00,2381.73
2017-05-22 00:00:00,2394.02
2017-05-23 00:00:00,2398.42
2017-05-24 00:00:00,2404.39
2017-05-25 00:00:00,2415.07
2017-05-26 00:00:00,2415.82
2017-05-29 00:00:00,.
2017-05-30 00:00:00,2412.91
2017-05-31 00:00:00,2411.8
2017-06-01 00:00:00,2430.06
2017-06-02 00:00:00,2439.07
2017-06-05 00:00:00,2436.1
2017-06-06 00:00:00,2429.33
2017-06-07 00:00:00,2433.14
2017-06-08 00:00:00,2433.79
2017-06-09 00:00:00,2431.77
2017-06-12 00:00:00,2429.39
2017-06-13 00:00:00,2440.35
2017-06-14 00:00:00,2437.92
2017-06-15 00:00:00,2432.46
2017-06-16 00:00:00,2433.15
2017-06-19 00:00:00,2453.46
2017-06-20 00:00:00,2437.03
2017-06-21 00:00:00,2435.61
2017-06-22 00:00:00,2434.5
2017-06-23 00:00:00,2438.3
2017-06-26 00:00:00,2439.07
2017-06-27 00:00:00,2419.38
2017-06-28 00:00:00,2440.69
2017-06-29 00:00:00,2419.7
2017-06-30 00:00:00,2423.41
2017-07-03 00:00:00,2429.01
2017-07-04 00:00:00,.
2017-07-05 00:00:00,2432.54
2017-07-06 00:00:00,2409.75
2017-07-07 00:00:00,2425.18
2017-07-10 00:00:00,2427.43
2017-07-11 00:00:00,2425.53
2017-07-12 00:00:00,2443.25
2017-07-13 00:00:00,2447.83
2017-07-14 00:00:00,2459.27
2017-07-17 00:00:00,2459.14
2017-07-18 00:00:00,2460.61
2017-07-19 00:00:00,2473.83
2017-07-20 00:00:00,2473.45
2017-07-21 00:00:00,2472.54
2017-07-24 00:00:00,2469.91
2017-07-25 00:00:00,2477.13
2017-07-26 00:00:00,2477.83
2017-07-27 00:00:00,2475.42
2017-07-28 00:00:00,2472.1
2017-07-31 00:00:00,2470.3
2017-08-01 00:00:00,2476.35
2017-08-02 00:00:00,2477.57
2017-08-03 00:00:00,2472.16
2017-08-04 00:00:00,2476.83
2017-08-07 00:00:00,2480.91
2017-08-08 00:00:00,2474.92
2017-08-09 00:00:00,2474.02
2017-08-10 00:00:00,2438.21
2017-08-11 00:00:00,2441.32
2017-08-14 00:00:00,2465.84
2017-08-15 00:00:00,2464.61
2017-08-16 00:00:00,2468.11
2017-08-17 00:00:00,2430.01
2017-08-18 00:00:00,2425.55
2017-08-21 00:00:00,2428.37
2017-08-22 00:00:00,2452.51
2017-08-23 00:00:00,2444.04
2017-08-24 00:00:00,2438.97
2017-08-25 00:00:00,2443.05
2017-08-28 00:00:00,2444.24
2017-08-29 00:00:00,2446.3
2017-08-30 00:00:00,2457.59
2017-08-31 00:00:00,2471.65
2017-09-01 00:00:00,2476.55
2017-09-04 00:00:00,.
2017-09-05 00:00:00,2457.85
2017-09-06 00:00:00,2465.54
2017-09-07 00:00:00,2465.1
2017-09-08 00:00:00,2461.43
2017-09-11 00:00:00,2488.11
2017-09-12 00:00:00,2496.48
2017-09-13 00:00:00,2498.37
2017-09-14 00:00:00,2495.62
2017-09-15 00:00:00,2500.23
2017-09-18 00:00:00,2503.87
2017-09-19 00:00:00,2506.65
2017-09-20 00:00:00,2508.24
2017-09-21 00:00:00,2500.6
2017-09-22 00:00:00,2502.22
2017-09-25 00:00:00,2496.66
2017-09-26 00:00:00,2496.84
2017-09-27 00:00:00,2507.04
2017-09-28 00:00:00,2510.06
2017-09-29 00:00:00,2519.36
2017-10-02 00:00:00,2529.12
2017-10-03 00:00:00,2534.58
2017-10-04 00:00:00,2537.74
2017-10-05 00:00:00,2552.07
2017-10-06 00:00:00,2549.33
2017-10-09 00:00:00,2544.73
2017-10-10 00:00:00,2550.64
2017-10-11 00:00:00,2555.24
2017-10-12 00:00:00,2550.93
2017-10-13 00:00:00,2553.17
2017-10-16 00:00:00,2557.64
2017-10-17 00:00:00,2559.36
2017-10-18 00:00:00,2561.26
2017-10-19 00:00:00,2562.1
2017-10-20 00:00:00,2575.21
2017-10-23 00:00:00,2564.98
2017-10-24 00:00:00,2569.13
2017-10-25 00:00:00,2557.15
2017-10-26 00:00:00,2560.4
2017-10-27 00:00:00,2581.07
2017-10-30 00:00:00,2572.83
2017-10-31 00:00:00,2575.26
2017-11-01 00:00:00,2579.36
2017-11-02 00:00:00,2579.85
2017-11-03 00:00:00,2587.84
2017-11-06 00:00:00,2591.13
2017-11-07 00:00:00,2590.64
2017-11-08 00:00:00,2594.38
2017-11-09 00:00:00,2584.62
2017-11-10 00:00:00,2582.3
2017-11-13 00:00:00,2584.84
2017-11-14 00:00:00,2578.87
2017-11-15 00:00:00,2564.62
2017-11-16 00:00:00,2585.64
2017-11-17 00:00:00,2578.85
2017-11-20 00:00:00,2582.14
2017-11-21 00:00:00,2599.03
2017-11-22 00:00:00,2597.08
2017-11-23 00:00:00,.
2017-11-24 00:00:00,2602.42
2017-11-27 00:00:00,2601.42
2017-11-28 00:00:00,2627.04
2017-11-29 00:00:00,2626.07
2017-11-30 00:00:00,2647.58
2017-12-01 00:00:00,2642.22
2017-12-04 00:00:00,2639.44
2017-12-05 00:00:00,2629.57
2017-12-06 00:00:00,2629.27
2017-12-07 00:00:00,2636.98
2017-12-08 00:00:00,2651.5
2017-12-11 00:00:00,2659.99
2017-12-12 00:00:00,2664.11
2017-12-13 00:00:00,2662.85
2017-12-14 00:00:00,2652.01
2017-12-15 00:00:00,2675.81
2017-12-18 00:00:00,2690.16
2017-12-19 00:00:00,2681.47
2017-12-20 00:00:00,2679.25
2017-12-21 00:00:00,2684.57
2017-12-22 00:00:00,2683.34
2017-12-25 00:00:00,.
2017-12-26 00:00:00,2680.5
2017-12-27 00:00:00,2682.62
2017-12-28 00:00:00,2687.54
2017-12-29 00:00:00,2673.61
2018-01-01 00:00:00,.
2018-01-02 00:00:00,2695.81
2018-01-03 00:00:00,2713.06
2018-01-04 00:00:00,2723.99
2018-01-05 00:00:00,2743.15
2018-01-08 00:00:00,2747.71
2018-01-09 00:00:00,2751.29
2018-01-10 00:00:00,2748.23
2018-01-11 00:00:00,2767.56
2018-01-12 00:00:00,2786.24
2018-01-15 00:00:00,.
2018-01-16 00:00:00,2776.42
2018-01-17 00:00:00,2802.56
2018-01-18 00:00:00,2798.03
2018-01-19 00:00:00,2810.3
2018-01-22 00:00:00,2832.97
2018-01-23 00:00:00,2839.13
2018-01-24 00:00:00,2837.54
2018-01-25 00:00:00,2839.25
2018-01-26 00:00:00,2872.87
2018-01-29 00:00:00,2853.53
2018-01-30 00:00:00,2822.43
2018-01-31 00:00:00,2823.81
2018-02-01 00:00:00,2821.98
2018-02-02 00:00:00,2762.13
2018-02-05 00:00:00,2648.94
2018-02-06 00:00:00,2695.14
2018-02-07 00:00:00,2681.66
2018-02-08 00:00:00,2581
2018-02-09 00:00:00,2619.55
2018-02-12 00:00:00,2656
2018-02-13 00:00:00,2662.94
2018-02-14 00:00:00,2698.63
2018-02-15 00:00:00,2731.2
2018-02-16 00:00:00,2732.22
2018-02-19 00:00:00,.
2018-02-20 00:00:00,2716.26
2018-02-21 00:00:00,2701.33
2018-02-22 00:00:00,2703.96
2018-02-23 00:00:00,2747.3
2018-02-26 00:00:00,2779.6
2018-02-27 00:00:00,2744.28
2018-02-28 00:00:00,2713.83
2018-03-01 00:00:00,2677.67
2018-03-02 00:00:00,2691.25
2018-03-05 00:00:00,2720.94
2018-03-06 00:00:00,2728.12
2018-03-07 00:00:00,2726.8
2018-03-08 00:00:00,2738.97
2018-03-09 00:00:00,2786.57
2018-03-12 00:00:00,2783.02
2018-03-13 00:00:00,2765.31
2018-03-14 00:00:00,2749.48
2018-03-15 00:00:00,2747.33
2018-03-16 00:00:00,2752.01
2018-03-19 00:00:00,2712.92
2018-03-20 00:00:00,2716.94
2018-03-21 00:00:00,2711.93
2018-03-22 00:00:00,2643.69
2018-03-23 00:00:00,2588.26
2018-03-26 00:00:00,2658.55
2018-03-27 00:00:00,2612.62
2018-03-28 00:00:00,2605
2018-03-29 00:00:00,2640.87
2018-03-30 00:00:00,.
2018-04-02 00:00:00,2581.88
2018-04-03 00:00:00,2614.45
2018-04-04 00:00:00,2644.69
2018-04-05 00:00:00,2662.84
2018-04-06 00:00:00,2604.47
2018-04-09 00:00:00,2613.16
2018-04-10 00:00:00,2656.87
2018-04-11 00:00:00,2642.19
2018-04-12 00:00:00,2663.99
2018-04-13 00:00:00,2656.3
2018-04-16 00:00:00,2677.84
2018-04-17 00:00:00,2706.39
2018-04-18 00:00:00,2708.64
2018-04-19 00:00:00,2693.13
2018-04-20 00:00:00,2670.14
2018-04-23 00:00:00,2670.29
2018-04-24 00:00:00,2634.56
2018-04-25 00:00:00,2639.4
2018-04-26 00:00:00,2666.94
2018-04-27 00:00:00,2669.91
2018-04-30 00:00:00,2648.05
2018-05-01 00:00:00,2654.8
2018-05-02 00:00:00,2635.67
2018-05-03 00:00:00,2629.73
2018-05-04 00:00:00,2663.42
2018-05-07 00:00:00,2672.63
2018-05-08 00:00:00,2671.92
2018-05-09 00:00:00,2697.79
2018-05-10 00:00:00,2723.07
2018-05-11 00:00:00,2727.72
2018-05-14 00:00:00,2730.13
2018-05-15 00:00:00,2711.45
2018-05-16 00:00:00,2722.46
2018-05-17 00:00:00,2720.13
2018-05-18 00:00:00,2712.97
2018-05-21 00:00:00,2733.01
2018-05-22 00:00:00,2724.44
2018-05-23 00:00:00,2733.29
2018-05-24 00:00:00,2727.76
2018-05-25 00:00:00,2721.33
2018-05-28 00:00:00,.
2018-05-29 00:00:00,2689.86
2018-05-30 00:00:00,2724.01
2018-05-31 00:00:00,2705.27
2018-06-01 00:00:00,2734.62
2018-06-04 00:00:00,2746.87
2018-06-05 00:00:00,2748.8
2018-06-06 00:00:00,2772.35
2018-06-07 00:00:00,2770.37
2018-06-08 00:00:00,2779.03
2018-06-11 00:00:00,2782
2018-06-12 00:00:00,2786.85
2018-06-13 00:00:00,2775.63
2018-06-14 00:00:00,2782.49
2018-06-15 00:00:00,2779.66
2018-06-18 00:00:00,2773.75
2018-06-19 00:00:00,2762.59
2018-06-20 00:00:00,2767.32
2018-06-21 00:00:00,2749.76
2018-06-22 00:00:00,2754.88
2018-06-25 00:00:00,2717.07
2018-06-26 00:00:00,2723.06
2018-06-27 00:00:00,2699.63
2018-06-28 00:00:00,2716.31
2018-06-29 00:00:00,2718.37
2018-07-02 00:00:00,2726.71
2018-07-03 00:00:00,2713.22
2018-07-04 00:00:00,.
2018-07-05 00:00:00,2736.61
2018-07-06 00:00:00,2759.82
2018-07-09 00:00:00,2784.17
2018-07-10 00:00:00,2793.84
2018-07-11 00:00:00,2774.02
2018-07-12 00:00:00,2798.29
2018-07-13 00:00:00,2801.31
2018-07-16 00:00:00,2798.43
2018-07-17 00:00:00,2809.55
2018-07-18 00:00:00,2815.62
2018-07-19 00:00:00,2804.49
2018-07-20 00:00:00,2801.83
2018-07-23 00:00:00,2806.98
2018-07-24 00:00:00,2820.4
2018-07-25 00:00:00,2846.07
2018-07-26 00:00:00,2837.44
2018-07-27 00:00:00,2818.82
2018-07-30 00:00:00,2802.6
2018-07-31 00:00:00,2816.29
2018-08-01 00:00:00,2813.36
2018-08-02 00:00:00,2827.22
2018-08-03 00:00:00,2840.35
2018-08-06 00:00:00,2850.4
2018-08-07 00:00:00,2858.45
2018-08-08 00:00:00,2857.7
2018-08-09 00:00:00,2853.58
2018-08-10 00:00:00,2833.28
2018-08-13 00:00:00,2821.93
2018-08-14 00:00:00,2839.96
2018-08-15 00:00:00,2818.37
2018-08-16 00:00:00,2840.69
2018-08-17 00:00:00,2850.13
2018-08-20 00:00:00,2857.05
2018-08-21 00:00:00,2862.96
2018-08-22 00:00:00,2861.82
2018-08-23 00:00:00,2856.98
2018-08-24 00:00:00,2874.69
2018-08-27 00:00:00,2896.74
2018-08-28 00:00:00,2897.52
2018-08-29 00:00:00,2914.04
2018-08-30 00:00:00,2901.13
2018-08-31 00:00:00,2901.52
2018-09-03 00:00:00,.
2018-09-04 00:00:00,2896.72
2018-09-05 00:00:00,2888.6
2018-09-06 00:00:00,2878.05
2018-09-07 00:00:00,2871.68
2018-09-10 00:00:00,2877.13
2018-09-11 00:00:00,2887.89
2018-09-12 00:00:00,2888.92
2018-09-13 00:00:00,2904.18
2018-09-14 00:00:00,2904.98
2018-09-17 00:00:00,2888.8
2018-09-18 00:00:00,2904.31
2018-09-19 00:00:00,2907.95
2018-09-20 00:00:00,2930.75
2018-09-21 00:00:00,2929.67
2018-09-24 00:00:00,2919.37
2018-09-25 00:00:00,2915.56
2018-09-26 00:00:00,2905.97
2018-09-27 00:00:00,2914
2018-09-28 00:00:00,2913.98
2018-10-01 00:00:00,2924.59
2018-10-02 00:00:00,2923.43
2018-10-03 00:00:00,2925.51
2018-10-04 00:00:00,2901.61
2018-10-05 00:00:00,2885.57
2018-10-08 00:00:00,2884.43
2018-10-09 00:00:00,2880.34
2018-10-10 00:00:00,2785.68
2018-10-11 00:00:00,2728.37
2018-10-12 00:00:00,2767.13
2018-10-15 00:00:00,2750.79
2018-10-16 00:00:00,2809.92
2018-10-17 00:00:00,2809.21
2018-10-18 00:00:00,2768.78
2018-10-19 00:00:00,2767.78
2018-10-22 00:00:00,2755.88
2018-10-23 00:00:00,2740.69
2018-10-24 00:00:00,2656.1
2018-10-25 00:00:00,2705.57
2018-10-26 00:00:00,2658.69
2018-10-29 00:00:00,2641.25
2018-10-30 00:00:00,2682.63
2018-10-31 00:00:00,2711.74
2018-11-01 00:00:00,2740.37
2018-11-02 00:00:00,2723.06
2018-11-05 00:00:00,2738.31
2018-11-06 00:00:00,2755.45
2018-11-07 00:00:00,2813.89
2018-11-08 00:00:00,2806.83
2018-11-09 00:00:00,2781.01
2018-11-12 00:00:00,2726.22
2018-11-13 00:00:00,2722.18
2018-11-14 00:00:00,2701.58
2018-11-15 00:00:00,2730.2
2018-11-16 00:00:00,2736.27
2018-11-19 00:00:00,2690.73
2018-11-20 00:00:00,2641.89
2018-11-21 00:00:00,2649.93
2018-11-22 00:00:00,.
2018-11-23 00:00:00,2632.56
2018-11-26 00:00:00,2673.45
2018-11-27 00:00:00,2682.17
2018-11-28 00:00:00,2743.79
2018-11-29 00:00:00,2737.76
2018-11-30 00:00:00,2760.17
2018-12-03 00:00:00,2790.37
2018-12-04 00:00:00,2700.06
2018-12-05 00:00:00,.
2018-12-06 00:00:00,2695.95
2018-12-07 00:00:00,2633.08
2018-12-10 00:00:00,2637.72
2018-12-11 00:00:00,2636.78
2018-12-12 00:00:00,2651.07
2018-12-13 00:00:00,2650.54
2018-12-14 00:00:00,2599.95
2018-12-17 00:00:00,2545.94
2018-12-18 00:00:00,2546.16
2018-12-19 00:00:00,2506.96
2018-12-20 00:00:00,2467.42
2018-12-21 00:00:00,2416.62
2018-12-24 00:00:00,2351.1
2018-12-25 00:00:00,.
2018-12-26 00:00:00,2467.7
2018-12-27 00:00:00,2488.83
2018-12-28 00:00:00,2485.74
2018-12-31 00:00:00,2506.85
2019-01-01 00:00:00,.
2019-01-02 00:00:00,2510.03
2019-01-03 00:00:00,2447.89
2019-01-04 00:00:00,2531.94
2019-01-07 00:00:00,2549.69
2019-01-08 00:00:00,2574.41
2019-01-09 00:00:00,2584.96
2019-01-10 00:00:00,2596.64
2019-01-11 00:00:00,2596.26
2019-01-14 00:00:00,2582.61
2019-01-15 00:00:00,2610.3
2019-01-16 00:00:00,2616.1
2019-01-17 00:00:00,2635.96
2019-01-18 00:00:00,2670.71
2019-01-21 00:00:00,.
2019-01-22 00:00:00,2632.9
2019-01-23 00:00:00,2638.7
2019-01-24 00:00:00,2642.33
2019-01-25 00:00:00,2664.76
2019-01-28 00:00:00,2643.85
2019-01-29 00:00:00,2640
2019-01-30 00:00:00,2681.05
2019-01-31 00:00:00,2704.1
2019-02-01 00:00:00,2706.53
2019-02-04 00:00:00,2724.87
2019-02-05 00:00:00,2737.7
2019-02-06 00:00:00,2731.61
2019-02-07 00:00:00,2706.05
2019-02-08 00:00:00,2707.88
2019-02-11 00:00:00,2709.8
2019-02-12 00:00:00,2744.73
2019-02-13 00:00:00,2753.03
2019-02-14 00:00:00,2745.73
2019-02-15 00:00:00,2775.6
2019-02-18 00:00:00,.
2019-02-19 00:00:00,2779.76
2019-02-20 00:00:00,2784.7
2019-02-21 00:00:00,2774.88
2019-02-22 00:00:00,2792.67
2019-02-25 00:00:00,2796.11
2019-02-26 00:00:00,2793.9
2019-02-27 00:00:00,2792.38
2019-02-28 00:00:00,2784.49
2019-03-01 00:00:00,2803.69
2019-03-04 00:00:00,2792.81
2019-03-05 00:00:00,2789.65
2019-03-06 00:00:00,2771.45
2019-03-07 00:00:00,2748.93
2019-03-08 00:00:00,2743.07
2019-03-11 00:00:00,2783.3
2019-03-12 00:00:00,2791.52
2019-03-13 00:00:00,2810.92
2019-03-14 00:00:00,2808.48
2019-03-15 00:00:00,2822.48
2019-03-18 00:00:00,2832.94
2019-03-19 00:00:00,2832.57
2019-03-20 00:00:00,2824.23
2019-03-21 00:00:00,2854.88
2019-03-22 00:00:00,2800.71
2019-03-25 00:00:00,2798.36
2019-03-26 00:00:00,2818.46
2019-03-27 00:00:00,2805.37
2019-03-28 00:00:00,2815.44
2019-03-29 00:00:00,2834.4
2019-04-01 00:00:00,2867.19
2019-04-02 00:00:00,2867.24
2019-04-03 00:00:00,2873.4
2019-04-04 00:00:00,2879.39
2019-04-05 00:00:00,2892.74
2019-04-08 00:00:00,2895.77
2019-04-09 00:00:00,2878.2
2019-04-10 00:00:00,2888.21
2019-04-11 00:00:00,2888.32
2019-04-12 00:00:00,2907.41
2019-04-15 00:00:00,2905.58
2019-04-16 00:00:00,2907.06
2019-04-17 00:00:00,2900.45
2019-04-18 00:00:00,2905.03
2019-04-19 00:00:00,.
2019-04-22 00:00:00,2907.97
2019-04-23 00:00:00,2933.68
2019-04-24 00:00:00,2927.25
2019-04-25 00:00:00,2926.17
2019-04-26 00:00:00,2939.88
2019-04-29 00:00:00,2943.03
2019-04-30 00:00:00,2945.83
2019-05-01 00:00:00,2923.73
2019-05-02 00:00:00,2917.52
2019-05-03 00:00:00,2945.64
2019-05-06 00:00:00,2932.47
2019-05-07 00:00:00,2884.05
2019-05-08 00:00:00,2879.42
2019-05-09 00:00:00,2870.72
2019-05-10 00:00:00,2881.4
2019-05-13 00:00:00,2811.87
2019-05-14 00:00:00,2834.41
2019-05-15 00:00:00,2850.96
2019-05-16 00:00:00,2876.32
2019-05-17 00:00:00,2859.53
2019-05-20 00:00:00,2840.23
2019-05-21 00:00:00,2864.36
2019-05-22 00:00:00,2856.27
2019-05-23 00:00:00,2822.24
2019-05-24 00:00:00,2826.06
2019-05-27 00:00:00,.
2019-05-28 00:00:00,2802.39
2019-05-29 00:00:00,2783.02
2019-05-30 00:00:00,2788.86
2019-05-31 00:00:00,2752.06
2019-06-03 00:00:00,2744.45
2019-06-04 00:00:00,2803.27
2019-06-05 00:00:00,2826.15
2019-06-06 00:00:00,2843.49
2019-06-07 00:00:00,2873.34
2019-06-10 00:00:00,2886.73
2019-06-11 00:00:00,2885.72
2019-06-12 00:00:00,2879.84
2019-06-13 00:00:00,2891.64
2019-06-14 00:00:00,2886.98
2019-06-17 00:00:00,2889.67
2019-06-18 00:00:00,2917.75
2019-06-19 00:00:00,2926.46
2019-06-20 00:00:00,2954.18
2019-06-21 00:00:00,2950.46
2019-06-24 00:00:00,2945.35
2019-06-25 00:00:00,2917.38
2019-06-26 00:00:00,2913.78
2019-06-27 00:00:00,2924.92
2019-06-28 00:00:00,2941.76
2019-07-01 00:00:00,2964.33
2019-07-02 00:00:00,2973.01
2019-07-03 00:00:00,2995.82
2019-07-04 00:00:00,.
2019-07-05 00:00:00,2990.41
2019-07-08 00:00:00,2975.95
2019-07-09 00:00:00,2979.63
2019-07-10 00:00:00,2993.07
2019-07-11 00:00:00,2999.91
2019-07-12 00:00:00,3013.77
2019-07-15 00:00:00,3014.3
2019-07-16 00:00:00,3004.04
2019-07-17 00:00:00,2984.42
2019-07-18 00:00:00,2995.11
2019-07-19 00:00:00,2976.61
2019-07-22 00:00:00,2985.03
2019-07-23 00:00:00,3005.47
2019-07-24 00:00:00,3019.56
2019-07-25 00:00:00,3003.67
2019-07-26 00:00:00,3025.86
2019-07-29 00:00:00,3020.97
2019-07-30 00:00:00,3013.18
2019-07-31 00:00:00,2980.38
2019-08-01 00:00:00,2953.56
2019-08-02 00:00:00,2932.05
2019-08-05 00:00:00,2844.74
2019-08-06 00:00:00,2881.77
2019-08-07 00:00:00,2883.98
2019-08-08 00:00:00,2938.09
2019-08-09 00:00:00,2918.65
2019-08-12 00:00:00,2883.75
2019-08-13 00:00:00,2926.32
2019-08-14 00:00:00,2840.6
2019-08-15 00:00:00,2847.6
2019-08-16 00:00:00,2888.68
2019-08-19 00:00:00,2923.65
2019-08-20 00:00:00,2900.51
2019-08-21 00:00:00,2924.43
2019-08-22 00:00:00,2922.95
2019-08-23 00:00:00,2847.11
2019-08-26 00:00:00,2878.38
2019-08-27 00:00:00,2869.16
2019-08-28 00:00:00,2887.94
2019-08-29 00:00:00,2924.58
2019-08-30 00:00:00,2926.46
2019-09-02 00:00:00,.
2019-09-03 00:00:00,2906.27
2019-09-04 00:00:00,2937.78
2019-09-05 00:00:00,2976
2019-09-06 00:00:00,2978.71
2019-09-09 00:00:00,2978.43
2019-09-10 00:00:00,2979.39
2019-09-11 00:00:00,3000.93
2019-09-12 00:00:00,3009.57
2019-09-13 00:00:00,3007.39
2019-09-16 00:00:00,2997.96
2019-09-17 00:00:00,3005.7