DATE,NASDAQCOM
2014-09-17 00:00:00,4562.19
2014-09-18 00:00:00,4593.43
2014-09-19 00:00:00,4579.79
2014-09-22 00:00:00,4527.69
2014-09-23 00:00:00,4508.69
2014-09-24 00:00:00,4555.22
2014-09-25 00:00:00,4466.75
2014-09-26 00:00:00,4512.19
2014-09-29 00:00:00,4505.85
2014-09-30 00:00:00,4493.39
2014-10-01 00:00:00,4422.09
2014-10-02 00:00:00,4430.2
2014-10-03 00:00:00,4475.62
2014-10-06 00:00:00,4454.8
2014-10-07 00:00:00,4385.2
2014-10-08 00:00:00,4468.59
2014-10-09 00:00:00,4378.34
2014-10-10 00:00:00,4276.24
2014-10-13 00:00:00,4213.66
2014-10-14 00:00:00,4227.17
2014-10-15 00:00:00,4215.32
2014-10-16 00:00:00,4217.39
2014-10-17 00:00:00,4258.44
2014-10-20 00:00:00,4316.07
2014-10-21 00:00:00,4419.48
2014-10-22 00:00:00,4382.85
2014-10-23 00:00:00,4452.79
2014-10-24 00:00:00,4483.72
2014-10-27 00:00:00,4485.93
2014-10-28 00:00:00,4564.29
2014-10-29 00:00:00,4549.23
2014-10-30 00:00:00,4566.14
2014-10-31 00:00:00,4630.74
2014-11-03 00:00:00,4638.91
2014-11-04 00:00:00,4623.64
2014-11-05 00:00:00,4620.72
2014-11-06 00:00:00,4638.47
2014-11-07 00:00:00,4632.53
2014-11-10 00:00:00,4651.62
2014-11-11 00:00:00,4660.56
2014-11-12 00:00:00,4675.13
2014-11-13 00:00:00,4680.14
2014-11-14 00:00:00,4688.54
2014-11-17 00:00:00,4671
2014-11-18 00:00:00,4702.44
2014-11-19 00:00:00,4675.71
2014-11-20 00:00:00,4701.87
2014-11-21 00:00:00,4712.97
2014-11-24 00:00:00,4754.89
2014-11-25 00:00:00,4758.25
2014-11-26 00:00:00,4787.32
2014-11-27 00:00:00,.
2014-11-28 00:00:00,4791.63
2014-12-01 00:00:00,4727.35
2014-12-02 00:00:00,4755.81
2014-12-03 00:00:00,4774.47
2014-12-04 00:00:00,4769.44
2014-12-05 00:00:00,4780.76
2014-12-08 00:00:00,4740.69
2014-12-09 00:00:00,4766.47
2014-12-10 00:00:00,4684.03
2014-12-11 00:00:00,4708.16
2014-12-12 00:00:00,4653.6
2014-12-15 00:00:00,4605.16
2014-12-16 00:00:00,4547.83
2014-12-17 00:00:00,4644.31
2014-12-18 00:00:00,4748.4
2014-12-19 00:00:00,4765.38
2014-12-22 00:00:00,4781.42
2014-12-23 00:00:00,4765.42
2014-12-24 00:00:00,4773.47
2014-12-25 00:00:00,.
2014-12-26 00:00:00,4806.86
2014-12-29 00:00:00,4806.91
2014-12-30 00:00:00,4777.44
2014-12-31 00:00:00,4736.05
2015-01-01 00:00:00,.
2015-01-02 00:00:00,4726.81
2015-01-05 00:00:00,4652.57
2015-01-06 00:00:00,4592.74
2015-01-07 00:00:00,4650.47
2015-01-08 00:00:00,4736.19
2015-01-09 00:00:00,4704.07
2015-01-12 00:00:00,4664.71
2015-01-13 00:00:00,4661.5
2015-01-14 00:00:00,4639.32
2015-01-15 00:00:00,4570.82
2015-01-16 00:00:00,4634.38
2015-01-19 00:00:00,.
2015-01-20 00:00:00,4654.85
2015-01-21 00:00:00,4667.42
2015-01-22 00:00:00,4750.4
2015-01-23 00:00:00,4757.88
2015-01-26 00:00:00,4771.76
2015-01-27 00:00:00,4681.5
2015-01-28 00:00:00,4637.99
2015-01-29 00:00:00,4683.41
2015-01-30 00:00:00,4635.24
2015-02-02 00:00:00,4676.69
2015-02-03 00:00:00,4727.74
2015-02-04 00:00:00,4716.7
2015-02-05 00:00:00,4765.1
2015-02-06 00:00:00,4744.4
2015-02-09 00:00:00,4726.01
2015-02-10 00:00:00,4787.64
2015-02-11 00:00:00,4801.18
2015-02-12 00:00:00,4857.61
2015-02-13 00:00:00,4893.84
2015-02-16 00:00:00,.
2015-02-17 00:00:00,4899.27
2015-02-18 00:00:00,4906.36
2015-02-19 00:00:00,4924.7
2015-02-20 00:00:00,4955.97
2015-02-23 00:00:00,4960.97
2015-02-24 00:00:00,4968.12
2015-02-25 00:00:00,4967.14
2015-02-26 00:00:00,4987.89
2015-02-27 00:00:00,4963.53
2015-03-02 00:00:00,5008.1
2015-03-03 00:00:00,4979.9
2015-03-04 00:00:00,4967.14
2015-03-05 00:00:00,4982.81
2015-03-06 00:00:00,4927.37
2015-03-09 00:00:00,4942.44
2015-03-10 00:00:00,4859.79
2015-03-11 00:00:00,4849.94
2015-03-12 00:00:00,4893.29
2015-03-13 00:00:00,4871.76
2015-03-16 00:00:00,4929.51
2015-03-17 00:00:00,4937.43
2015-03-18 00:00:00,4982.83
2015-03-19 00:00:00,4992.38
2015-03-20 00:00:00,5026.42
2015-03-23 00:00:00,5010.97
2015-03-24 00:00:00,4994.73
2015-03-25 00:00:00,4876.52
2015-03-26 00:00:00,4863.36
2015-03-27 00:00:00,4891.22
2015-03-30 00:00:00,4947.44
2015-03-31 00:00:00,4900.89
2015-04-01 00:00:00,4880.23
2015-04-02 00:00:00,4886.94
2015-04-03 00:00:00,.
2015-04-06 00:00:00,4917.32
2015-04-07 00:00:00,4910.23
2015-04-08 00:00:00,4950.82
2015-04-09 00:00:00,4974.56
2015-04-10 00:00:00,4995.98
2015-04-13 00:00:00,4988.25
2015-04-14 00:00:00,4977.29
2015-04-15 00:00:00,5011.02
2015-04-16 00:00:00,5007.79
2015-04-17 00:00:00,4931.81
2015-04-20 00:00:00,4994.6
2015-04-21 00:00:00,5014.1
2015-04-22 00:00:00,5035.17
2015-04-23 00:00:00,5056.06
2015-04-24 00:00:00,5092.08
2015-04-27 00:00:00,5060.25
2015-04-28 00:00:00,5055.42
2015-04-29 00:00:00,5023.64
2015-04-30 00:00:00,4941.42
2015-05-01 00:00:00,5005.39
2015-05-04 00:00:00,5016.93
2015-05-05 00:00:00,4939.33
2015-05-06 00:00:00,4919.64
2015-05-07 00:00:00,4945.54
2015-05-08 00:00:00,5003.55
2015-05-11 00:00:00,4993.57
2015-05-12 00:00:00,4976.19
2015-05-13 00:00:00,4981.69
2015-05-14 00:00:00,5050.8
2015-05-15 00:00:00,5048.29
2015-05-18 00:00:00,5078.44
2015-05-19 00:00:00,5070.03
2015-05-20 00:00:00,5071.74
2015-05-21 00:00:00,5090.79
2015-05-22 00:00:00,5089.36
2015-05-25 00:00:00,.
2015-05-26 00:00:00,5032.75
2015-05-27 00:00:00,5106.59
2015-05-28 00:00:00,5097.98
2015-05-29 00:00:00,5070.03
2015-06-01 00:00:00,5082.93
2015-06-02 00:00:00,5076.52
2015-06-03 00:00:00,5099.23
2015-06-04 00:00:00,5059.12
2015-06-05 00:00:00,5068.46
2015-06-08 00:00:00,5021.63
2015-06-09 00:00:00,5013.87
2015-06-10 00:00:00,5076.69
2015-06-11 00:00:00,5082.51
2015-06-12 00:00:00,5051.1
2015-06-15 00:00:00,5029.97
2015-06-16 00:00:00,5055.55
2015-06-17 00:00:00,5064.88
2015-06-18 00:00:00,5132.95
2015-06-19 00:00:00,5117
2015-06-22 00:00:00,5153.97
2015-06-23 00:00:00,5160.09
2015-06-24 00:00:00,5122.41
2015-06-25 00:00:00,5112.19
2015-06-26 00:00:00,5080.51
2015-06-29 00:00:00,4958.47
2015-06-30 00:00:00,4986.87
2015-07-01 00:00:00,5013.12
2015-07-02 00:00:00,5009.21
2015-07-03 00:00:00,.
2015-07-06 00:00:00,4991.94
2015-07-07 00:00:00,4997.46
2015-07-08 00:00:00,4909.76
2015-07-09 00:00:00,4922.4
2015-07-10 00:00:00,4997.7
2015-07-13 00:00:00,5071.51
2015-07-14 00:00:00,5104.89
2015-07-15 00:00:00,5098.94
2015-07-16 00:00:00,5163.18
2015-07-17 00:00:00,5210.14
2015-07-20 00:00:00,5218.86
2015-07-21 00:00:00,5208.12
2015-07-22 00:00:00,5171.77
2015-07-23 00:00:00,5146.41
2015-07-24 00:00:00,5088.63
2015-07-27 00:00:00,5039.78
2015-07-28 00:00:00,5089.21
2015-07-29 00:00:00,5111.73
2015-07-30 00:00:00,5128.78
2015-07-31 00:00:00,5128.28
2015-08-03 00:00:00,5115.38
2015-08-04 00:00:00,5105.55
2015-08-05 00:00:00,5139.94
2015-08-06 00:00:00,5056.44
2015-08-07 00:00:00,5043.54
2015-08-10 00:00:00,5101.8
2015-08-11 00:00:00,5036.79
2015-08-12 00:00:00,5044.39
2015-08-13 00:00:00,5033.56
2015-08-14 00:00:00,5048.24
2015-08-17 00:00:00,5091.7
2015-08-18 00:00:00,5059.35
2015-08-19 00:00:00,5019.05
2015-08-20 00:00:00,4877.49
2015-08-21 00:00:00,4706.04
2015-08-24 00:00:00,4526.25
2015-08-25 00:00:00,4506.49
2015-08-26 00:00:00,4697.54
2015-08-27 00:00:00,4812.71
2015-08-28 00:00:00,4828.32
2015-08-31 00:00:00,4776.51
2015-09-01 00:00:00,4636.11
2015-09-02 00:00:00,4749.98
2015-09-03 00:00:00,4733.5
2015-09-04 00:00:00,4683.92
2015-09-07 00:00:00,.
2015-09-08 00:00:00,4811.93
2015-09-09 00:00:00,4756.53
2015-09-10 00:00:00,4796.25
2015-09-11 00:00:00,4822.34
2015-09-14 00:00:00,4805.76
2015-09-15 00:00:00,4860.52
2015-09-16 00:00:00,4889.24
2015-09-17 00:00:00,4893.95
2015-09-18 00:00:00,4827.23
2015-09-21 00:00:00,4828.95
2015-09-22 00:00:00,4756.72
2015-09-23 00:00:00,4752.74
2015-09-24 00:00:00,4734.48
2015-09-25 00:00:00,4686.5
2015-09-28 00:00:00,4543.97
2015-09-29 00:00:00,4517.32
2015-09-30 00:00:00,4620.16
2015-10-01 00:00:00,4627.08
2015-10-02 00:00:00,4707.78
2015-10-05 00:00:00,4781.26
2015-10-06 00:00:00,4748.36
2015-10-07 00:00:00,4791.15
2015-10-08 00:00:00,4810.79
2015-10-09 00:00:00,4830.47
2015-10-12 00:00:00,4838.64
2015-10-13 00:00:00,4796.61
2015-10-14 00:00:00,4782.85
2015-10-15 00:00:00,4870.1
2015-10-16 00:00:00,4886.69
2015-10-19 00:00:00,4905.47
2015-10-20 00:00:00,4880.97
2015-10-21 00:00:00,4840.12
2015-10-22 00:00:00,4920.05
2015-10-23 00:00:00,5031.86
2015-10-26 00:00:00,5034.7
2015-10-27 00:00:00,5030.15
2015-10-28 00:00:00,5095.69
2015-10-29 00:00:00,5074.27
2015-10-30 00:00:00,5053.75
2015-11-02 00:00:00,5127.15
2015-11-03 00:00:00,5145.13
2015-11-04 00:00:00,5142.48
2015-11-05 00:00:00,5127.74
2015-11-06 00:00:00,5147.12
2015-11-09 00:00:00,5095.3
2015-11-10 00:00:00,5083.24
2015-11-11 00:00:00,5067.02
2015-11-12 00:00:00,5005.08
2015-11-13 00:00:00,4927.88
2015-11-16 00:00:00,4984.62
2015-11-17 00:00:00,4986.01
2015-11-18 00:00:00,5075.2
2015-11-19 00:00:00,5073.64
2015-11-20 00:00:00,5104.92
2015-11-23 00:00:00,5102.48
2015-11-24 00:00:00,5102.81
2015-11-25 00:00:00,5116.14
2015-11-26 00:00:00,.
2015-11-27 00:00:00,5127.52
2015-11-30 00:00:00,5108.67
2015-12-01 00:00:00,5156.31
2015-12-02 00:00:00,5123.22
2015-12-03 00:00:00,5037.53
2015-12-04 00:00:00,5142.27
2015-12-07 00:00:00,5101.81
2015-12-08 00:00:00,5098.24
2015-12-09 00:00:00,5022.87
2015-12-10 00:00:00,5045.17
2015-12-11 00:00:00,4933.47
2015-12-14 00:00:00,4952.23
2015-12-15 00:00:00,4995.36
2015-12-16 00:00:00,5071.13
2015-12-17 00:00:00,5002.55
2015-12-18 00:00:00,4923.08
2015-12-21 00:00:00,4968.92
2015-12-22 00:00:00,5001.11
2015-12-23 00:00:00,5045.93
2015-12-24 00:00:00,5048.49
2015-12-25 00:00:00,.
2015-12-28 00:00:00,5040.99
2015-12-29 00:00:00,5107.94
2015-12-30 00:00:00,5065.85
2015-12-31 00:00:00,5007.41
2016-01-01 00:00:00,.
2016-01-04 00:00:00,4903.09
2016-01-05 00:00:00,4891.43
2016-01-06 00:00:00,4835.76
2016-01-07 00:00:00,4689.43
2016-01-08 00:00:00,4643.63
2016-01-11 00:00:00,4637.99
2016-01-12 00:00:00,4685.92
2016-01-13 00:00:00,4526.06
2016-01-14 00:00:00,4615
2016-01-15 00:00:00,4488.42
2016-01-18 00:00:00,.
2016-01-19 00:00:00,4476.95
2016-01-20 00:00:00,4471.69
2016-01-21 00:00:00,4472.06
2016-01-22 00:00:00,4591.18
2016-01-25 00:00:00,4518.49
2016-01-26 00:00:00,4567.67
2016-01-27 00:00:00,4468.17
2016-01-28 00:00:00,4506.68
2016-01-29 00:00:00,4613.95
2016-02-01 00:00:00,4620.37
2016-02-02 00:00:00,4516.95
2016-02-03 00:00:00,4504.24
2016-02-04 00:00:00,4509.56
2016-02-05 00:00:00,4363.14
2016-02-08 00:00:00,4283.75
2016-02-09 00:00:00,4268.76
2016-02-10 00:00:00,4283.59
2016-02-11 00:00:00,4266.84
2016-02-12 00:00:00,4337.51
2016-02-15 00:00:00,.
2016-02-16 00:00:00,4435.96
2016-02-17 00:00:00,4534.06
2016-02-18 00:00:00,4487.54
2016-02-19 00:00:00,4504.43
2016-02-22 00:00:00,4570.61
2016-02-23 00:00:00,4503.58
2016-02-24 00:00:00,4542.61
2016-02-25 00:00:00,4582.2
2016-02-26 00:00:00,4590.47
2016-02-29 00:00:00,4557.95
2016-03-01 00:00:00,4689.6
2016-03-02 00:00:00,4703.42
2016-03-03 00:00:00,4707.42
2016-03-04 00:00:00,4717.02
2016-03-07 00:00:00,4708.25
2016-03-08 00:00:00,4648.82
2016-03-09 00:00:00,4674.38
2016-03-10 00:00:00,4662.16
2016-03-11 00:00:00,4748.47
2016-03-14 00:00:00,4750.28
2016-03-15 00:00:00,4728.67
2016-03-16 00:00:00,4763.97
2016-03-17 00:00:00,4774.99
2016-03-18 00:00:00,4795.65
2016-03-21 00:00:00,4808.87
2016-03-22 00:00:00,4821.66
2016-03-23 00:00:00,4768.86
2016-03-24 00:00:00,4773.51
2016-03-25 00:00:00,.
2016-03-28 00:00:00,4766.79
2016-03-29 00:00:00,4846.62
2016-03-30 00:00:00,4869.29
2016-03-31 00:00:00,4869.85
2016-04-01 00:00:00,4914.54
2016-04-04 00:00:00,4891.8
2016-04-05 00:00:00,4843.93
2016-04-06 00:00:00,4920.72
2016-04-07 00:00:00,4848.37
2016-04-08 00:00:00,4850.69
2016-04-11 00:00:00,4833.4
2016-04-12 00:00:00,4872.09
2016-04-13 00:00:00,4947.42
2016-04-14 00:00:00,4945.89
2016-04-15 00:00:00,4938.22
2016-04-18 00:00:00,4960.02
2016-04-19 00:00:00,4940.33
2016-04-20 00:00:00,4948.13
2016-04-21 00:00:00,4945.89
2016-04-22 00:00:00,4906.23
2016-04-25 00:00:00,4895.79
2016-04-26 00:00:00,4888.28
2016-04-27 00:00:00,4863.14
2016-04-28 00:00:00,4805.29
2016-04-29 00:00:00,4775.36
2016-05-02 00:00:00,4817.59
2016-05-03 00:00:00,4763.22
2016-05-04 00:00:00,4725.64
2016-05-05 00:00:00,4717.09
2016-05-06 00:00:00,4736.16
2016-05-09 00:00:00,4750.21
2016-05-10 00:00:00,4809.88
2016-05-11 00:00:00,4760.69
2016-05-12 00:00:00,4737.33
2016-05-13 00:00:00,4717.68
2016-05-16 00:00:00,4775.46
2016-05-17 00:00:00,4715.73
2016-05-18 00:00:00,4739.12
2016-05-19 00:00:00,4712.53
2016-05-20 00:00:00,4769.56
2016-05-23 00:00:00,4765.78
2016-05-24 00:00:00,4861.06
2016-05-25 00:00:00,4894.89
2016-05-26 00:00:00,4901.77
2016-05-27 00:00:00,4933.5
2016-05-30 00:00:00,.
2016-05-31 00:00:00,4948.05
2016-06-01 00:00:00,4952.25
2016-06-02 00:00:00,4971.36
2016-06-03 00:00:00,4942.52
2016-06-06 00:00:00,4968.71
2016-06-07 00:00:00,4961.75
2016-06-08 00:00:00,4974.64
2016-06-09 00:00:00,4958.62
2016-06-10 00:00:00,4894.55
2016-06-13 00:00:00,4848.44
2016-06-14 00:00:00,4843.55
2016-06-15 00:00:00,4834.93
2016-06-16 00:00:00,4844.91
2016-06-17 00:00:00,4800.34
2016-06-20 00:00:00,4837.21
2016-06-21 00:00:00,4843.76
2016-06-22 00:00:00,4833.32
2016-06-23 00:00:00,4910.04
2016-06-24 00:00:00,4707.98
2016-06-27 00:00:00,4594.44
2016-06-28 00:00:00,4691.87
2016-06-29 00:00:00,4779.25
2016-06-30 00:00:00,4842.67
2016-07-01 00:00:00,4862.57
2016-07-04 00:00:00,.
2016-07-05 00:00:00,4822.9
2016-07-06 00:00:00,4859.16
2016-07-07 00:00:00,4876.81
2016-07-08 00:00:00,4956.76
2016-07-11 00:00:00,4988.64
2016-07-12 00:00:00,5022.82
2016-07-13 00:00:00,5005.73
2016-07-14 00:00:00,5034.06
2016-07-15 00:00:00,5029.59
2016-07-18 00:00:00,5055.78
2016-07-19 00:00:00,5036.37
2016-07-20 00:00:00,5089.93
2016-07-21 00:00:00,5073.9
2016-07-22 00:00:00,5100.16
2016-07-25 00:00:00,5097.63
2016-07-26 00:00:00,5110.05
2016-07-27 00:00:00,5139.81
2016-07-28 00:00:00,5154.98
2016-07-29 00:00:00,5162.13
2016-08-01 00:00:00,5184.2
2016-08-02 00:00:00,5137.73
2016-08-03 00:00:00,5159.74
2016-08-04 00:00:00,5166.25
2016-08-05 00:00:00,5221.12
2016-08-08 00:00:00,5213.14
2016-08-09 00:00:00,5225.48
2016-08-10 00:00:00,5204.58
2016-08-11 00:00:00,5228.4
2016-08-12 00:00:00,5232.89
2016-08-15 00:00:00,5262.02
2016-08-16 00:00:00,5227.11
2016-08-17 00:00:00,5228.66
2016-08-18 00:00:00,5240.15
2016-08-19 00:00:00,5238.38
2016-08-22 00:00:00,5244.6
2016-08-23 00:00:00,5260.08
2016-08-24 00:00:00,5217.69
2016-08-25 00:00:00,5212.2
2016-08-26 00:00:00,5218.92
2016-08-29 00:00:00,5232.33
2016-08-30 00:00:00,5222.99
2016-08-31 00:00:00,5213.22
2016-09-01 00:00:00,5227.21
2016-09-02 00:00:00,5249.9
2016-09-05 00:00:00,.
2016-09-06 00:00:00,5275.91
2016-09-07 00:00:00,5283.93
2016-09-08 00:00:00,5259.48
2016-09-09 00:00:00,5125.91
2016-09-12 00:00:00,5211.89
2016-09-13 00:00:00,5155.25
2016-09-14 00:00:00,5173.77
2016-09-15 00:00:00,5249.69
2016-09-16 00:00:00,5244.57
2016-09-19 00:00:00,5235.03
2016-09-20 00:00:00,5241.35
2016-09-21 00:00:00,5295.18
2016-09-22 00:00:00,5339.52
2016-09-23 00:00:00,5305.75
2016-09-26 00:00:00,5257.49
2016-09-27 00:00:00,5305.71
2016-09-28 00:00:00,5318.55
2016-09-29 00:00:00,5269.15
2016-09-30 00:00:00,5312
2016-10-03 00:00:00,5300.87
2016-10-04 00:00:00,5289.66
2016-10-05 00:00:00,5316.02
2016-10-06 00:00:00,5306.85
2016-10-07 00:00:00,5292.4
2016-10-10 00:00:00,5328.67
2016-10-11 00:00:00,5246.79
2016-10-12 00:00:00,5239.02
2016-10-13 00:00:00,5213.33
2016-10-14 00:00:00,5214.16
2016-10-17 00:00:00,5199.82
2016-10-18 00:00:00,5243.84
2016-10-19 00:00:00,5246.41
2016-10-20 00:00:00,5241.83
2016-10-21 00:00:00,5257.4
2016-10-24 00:00:00,5309.83
2016-10-25 00:00:00,5283.4
2016-10-26 00:00:00,5250.27
2016-10-27 00:00:00,5215.97
2016-10-28 00:00:00,5190.1
2016-10-31 00:00:00,5189.13
2016-11-01 00:00:00,5153.58
2016-11-02 00:00:00,5105.57
2016-11-03 00:00:00,5058.41
2016-11-04 00:00:00,5046.37
2016-11-07 00:00:00,5166.17
2016-11-08 00:00:00,5193.49
2016-11-09 00:00:00,5251.07
2016-11-10 00:00:00,5208.8
2016-11-11 00:00:00,5237.11
2016-11-14 00:00:00,5218.4
2016-11-15 00:00:00,5275.62
2016-11-16 00:00:00,5294.58
2016-11-17 00:00:00,5333.97
2016-11-18 00:00:00,5321.51
2016-11-21 00:00:00,5368.86
2016-11-22 00:00:00,5386.35
2016-11-23 00:00:00,5380.68
2016-11-24 00:00:00,.
2016-11-25 00:00:00,5398.92
2016-11-28 00:00:00,5368.81
2016-11-29 00:00:00,5379.92
2016-11-30 00:00:00,5323.68
2016-12-01 00:00:00,5251.11
2016-12-02 00:00:00,5255.65
2016-12-05 00:00:00,5308.89
2016-12-06 00:00:00,5333
2016-12-07 00:00:00,5393.76
2016-12-08 00:00:00,5417.36
2016-12-09 00:00:00,5444.5
2016-12-12 00:00:00,5412.54
2016-12-13 00:00:00,5463.83
2016-12-14 00:00:00,5436.67
2016-12-15 00:00:00,5456.85
2016-12-16 00:00:00,5437.16
2016-12-19 00:00:00,5457.44
2016-12-20 00:00:00,5483.94
2016-12-21 00:00:00,5471.43
2016-12-22 00:00:00,5447.42
2016-12-23 00:00:00,5462.69
2016-12-26 00:00:00,.
2016-12-27 00:00:00,5487.44
2016-12-28 00:00:00,5438.56
2016-12-29 00:00:00,5432.09
2016-12-30 00:00:00,5383.12
2017-01-02 00:00:00,.
2017-01-03 00:00:00,5429.08
2017-01-04 00:00:00,5477
2017-01-05 00:00:00,5487.94
2017-01-06 00:00:00,5521.06
2017-01-09 00:00:00,5531.82
2017-01-10 00:00:00,5551.82
2017-01-11 00:00:00,5563.65
2017-01-12 00:00:00,5547.49
2017-01-13 00:00:00,5574.12
2017-01-16 00:00:00,.
2017-01-17 00:00:00,5538.73
2017-01-18 00:00:00,5555.65
2017-01-19 00:00:00,5540.08
2017-01-20 00:00:00,5555.33
2017-01-23 00:00:00,5552.94
2017-01-24 00:00:00,5600.96
2017-01-25 00:00:00,5656.34
2017-01-26 00:00:00,5655.18
2017-01-27 00:00:00,5660.78
2017-01-30 00:00:00,5613.71
2017-01-31 00:00:00,5614.79
2017-02-01 00:00:00,5642.65
2017-02-02 00:00:00,5636.2
2017-02-03 00:00:00,5666.77
2017-02-06 00:00:00,5663.55
2017-02-07 00:00:00,5674.22
2017-02-08 00:00:00,5682.45
2017-02-09 00:00:00,5715.18
2017-02-10 00:00:00,5734.13
2017-02-13 00:00:00,5763.96
2017-02-14 00:00:00,5782.57
2017-02-15 00:00:00,5819.44
2017-02-16 00:00:00,5814.9
2017-02-17 00:00:00,5838.58
2017-02-20 00:00:00,.
2017-02-21 00:00:00,5865.95
2017-02-22 00:00:00,5860.63
2017-02-23 00:00:00,5835.51
2017-02-24 00:00:00,5845.31
2017-02-27 00:00:00,5861.9
2017-02-28 00:00:00,5825.44
2017-03-01 00:00:00,5904.03
2017-03-02 00:00:00,5861.22
2017-03-03 00:00:00,5870.75
2017-03-06 00:00:00,5849.17
2017-03-07 00:00:00,5833.93
2017-03-08 00:00:00,5837.55
2017-03-09 00:00:00,5838.81
2017-03-10 00:00:00,5861.73
2017-03-13 00:00:00,5875.78
2017-03-14 00:00:00,5856.82
2017-03-15 00:00:00,5900.05
2017-03-16 00:00:00,5900.76
2017-03-17 00:00:00,5901
2017-03-20 00:00:00,5901.53
2017-03-21 00:00:00,5793.83
2017-03-22 00:00:00,5821.64
2017-03-23 00:00:00,5817.69
2017-03-24 00:00:00,5828.74
2017-03-27 00:00:00,5840.37
2017-03-28 00:00:00,5875.14
2017-03-29 00:00:00,5897.55
2017-03-30 00:00:00,5914.34
2017-03-31 00:00:00,5911.74
2017-04-03 00:00:00,5894.68
2017-04-04 00:00:00,5898.61
2017-04-05 00:00:00,5864.48
2017-04-06 00:00:00,5878.95
2017-04-07 00:00:00,5877.81
2017-04-10 00:00:00,5880.93
2017-04-11 00:00:00,5866.77
2017-04-12 00:00:00,5836.16
2017-04-13 00:00:00,5805.15
2017-04-14 00:00:00,.
2017-04-17 00:00:00,5856.79
2017-04-18 00:00:00,5849.47
2017-04-19 00:00:00,5863.03
2017-04-20 00:00:00,5916.78
2017-04-21 00:00:00,5910.52
2017-04-24 00:00:00,5983.82
2017-04-25 00:00:00,6025.49
2017-04-26 00:00:00,6025.23
2017-04-27 00:00:00,6048.94
2017-04-28 00:00:00,6047.61
2017-05-01 00:00:00,6091.6
2017-05-02 00:00:00,6095.37
2017-05-03 00:00:00,6072.55
2017-05-04 00:00:00,6075.34
2017-05-05 00:00:00,6100.76
2017-05-08 00:00:00,6102.66
2017-05-09 00:00:00,6120.59
2017-05-10 00:00:00,6129.14
2017-05-11 00:00:00,6115.96
2017-05-12 00:00:00,6121.23
2017-05-15 00:00:00,6149.67
2017-05-16 00:00:00,6169.87
2017-05-17 00:00:00,6011.24
2017-05-18 00:00:00,6055.13
2017-05-19 00:00:00,6083.7
2017-05-22 00:00:00,6133.62
2017-05-23 00:00:00,6138.71
2017-05-24 00:00:00,6163.02
2017-05-25 00:00:00,6205.26
2017-05-26 00:00:00,6210.19
2017-05-29 00:00:00,.
2017-05-30 00:00:00,6203.19
2017-05-31 00:00:00,6198.52
2017-06-01 00:00:00,6246.83
2017-06-02 00:00:00,6305.8
2017-06-05 00:00:00,6295.68
2017-06-06 00:00:00,6275.06
2017-06-07 00:00:00,6297.38
2017-06-08 00:00:00,6321.76
2017-06-09 00:00:00,6207.92
2017-06-12 00:00:00,6175.46
2017-06-13 00:00:00,6220.37
2017-06-14 00:00:00,6194.89
2017-06-15 00:00:00,6165.5
2017-06-16 00:00:00,6151.76
2017-06-19 00:00:00,6239.01
2017-06-20 00:00:00,6188.03
2017-06-21 00:00:00,6233.95
2017-06-22 00:00:00,6236.69
2017-06-23 00:00:00,6265.25
2017-06-26 00:00:00,6247.15
2017-06-27 00:00:00,6146.62
2017-06-28 00:00:00,6234.41
2017-06-29 00:00:00,6144.35
2017-06-30 00:00:00,6140.42
2017-07-03 00:00:00,6110.06
2017-07-04 00:00:00,.
2017-07-05 00:00:00,6150.86
2017-07-06 00:00:00,6089.46
2017-07-07 00:00:00,6153.08
2017-07-10 00:00:00,6176.39
2017-07-11 00:00:00,6193.3
2017-07-12 00:00:00,6261.17
2017-07-13 00:00:00,6274.44
2017-07-14 00:00:00,6312.47
2017-07-17 00:00:00,6314.43
2017-07-18 00:00:00,6344.31
2017-07-19 00:00:00,6385.04
2017-07-20 00:00:00,6390
2017-07-21 00:00:00,6387.75
2017-07-24 00:00:00,6410.81
2017-07-25 00:00:00,6412.17
2017-07-26 00:00:00,6422.75
2017-07-27 00:00:00,6382.19
2017-07-28 00:00:00,6374.68
2017-07-31 00:00:00,6348.12
2017-08-01 00:00:00,6362.94
2017-08-02 00:00:00,6362.65
2017-08-03 00:00:00,6340.34
2017-08-04 00:00:00,6351.56
2017-08-07 00:00:00,6383.77
2017-08-08 00:00:00,6370.46
2017-08-09 00:00:00,6352.33
2017-08-10 00:00:00,6216.87
2017-08-11 00:00:00,6256.56
2017-08-14 00:00:00,6340.23
2017-08-15 00:00:00,6333.01
2017-08-16 00:00:00,6345.11
2017-08-17 00:00:00,6221.91
2017-08-18 00:00:00,6216.53
2017-08-21 00:00:00,6213.13
2017-08-22 00:00:00,6297.48
2017-08-23 00:00:00,6278.41
2017-08-24 00:00:00,6271.33
2017-08-25 00:00:00,6265.64
2017-08-28 00:00:00,6283.02
2017-08-29 00:00:00,6301.89
2017-08-30 00:00:00,6368.31
2017-08-31 00:00:00,6428.66
2017-09-01 00:00:00,6435.33
2017-09-04 00:00:00,.
2017-09-05 00:00:00,6375.57
2017-09-06 00:00:00,6393.31
2017-09-07 00:00:00,6397.87
2017-09-08 00:00:00,6360.19
2017-09-11 00:00:00,6432.26
2017-09-12 00:00:00,6454.28
2017-09-13 00:00:00,6460.19
2017-09-14 00:00:00,6429.08
2017-09-15 00:00:00,6448.47
2017-09-18 00:00:00,6454.64
2017-09-19 00:00:00,6461.32
2017-09-20 00:00:00,6456.04
2017-09-21 00:00:00,6422.69
2017-09-22 00:00:00,6426.92
2017-09-25 00:00:00,6370.59
2017-09-26 00:00:00,6380.16
2017-09-27 00:00:00,6453.26
2017-09-28 00:00:00,6453.45
2017-09-29 00:00:00,6495.96
2017-10-02 00:00:00,6516.72
2017-10-03 00:00:00,6531.71
2017-10-04 00:00:00,6534.63
2017-10-05 00:00:00,6585.36
2017-10-06 00:00:00,6590.18
2017-10-09 00:00:00,6579.73
2017-10-10 00:00:00,6587.25
2017-10-11 00:00:00,6603.55
2017-10-12 00:00:00,6591.51
2017-10-13 00:00:00,6605.8
2017-10-16 00:00:00,6624
2017-10-17 00:00:00,6623.66
2017-10-18 00:00:00,6624.22
2017-10-19 00:00:00,6605.07
2017-10-20 00:00:00,6629.05
2017-10-23 00:00:00,6586.83
2017-10-24 00:00:00,6598.43
2017-10-25 00:00:00,6563.89
2017-10-26 00:00:00,6556.77
2017-10-27 00:00:00,6701.26
2017-10-30 00:00:00,6698.96
2017-10-31 00:00:00,6727.67
2017-11-01 00:00:00,6716.53
2017-11-02 00:00:00,6714.94
2017-11-03 00:00:00,6764.44
2017-11-06 00:00:00,6786.44
2017-11-07 00:00:00,6767.78
2017-11-08 00:00:00,6789.12
2017-11-09 00:00:00,6750.05
2017-11-10 00:00:00,6750.94
2017-11-13 00:00:00,6757.6
2017-11-14 00:00:00,6737.87
2017-11-15 00:00:00,6706.21
2017-11-16 00:00:00,6793.29
2017-11-17 00:00:00,6782.79
2017-11-20 00:00:00,6790.71
2017-11-21 00:00:00,6862.48
2017-11-22 00:00:00,6867.36
2017-11-23 00:00:00,.
2017-11-24 00:00:00,6889.16
2017-11-27 00:00:00,6878.52
2017-11-28 00:00:00,6912.36
2017-11-29 00:00:00,6824.39
2017-11-30 00:00:00,6873.97
2017-12-01 00:00:00,6847.59
2017-12-04 00:00:00,6775.37
2017-12-05 00:00:00,6762.21
2017-12-06 00:00:00,6776.38
2017-12-07 00:00:00,6812.84
2017-12-08 00:00:00,6840.08
2017-12-11 00:00:00,6875.08
2017-12-12 00:00:00,6862.32
2017-12-13 00:00:00,6875.8
2017-12-14 00:00:00,6856.53
2017-12-15 00:00:00,6936.58
2017-12-18 00:00:00,6994.76
2017-12-19 00:00:00,6963.85
2017-12-20 00:00:00,6960.96
2017-12-21 00:00:00,6965.36
2017-12-22 00:00:00,6959.96
2017-12-25 00:00:00,.
2017-12-26 00:00:00,6936.25
2017-12-27 00:00:00,6939.34
2017-12-28 00:00:00,6950.16
2017-12-29 00:00:00,6903.39
2018-01-01 00:00:00,.
2018-01-02 00:00:00,7006.9
2018-01-03 00:00:00,7065.53
2018-01-04 00:00:00,7077.91
2018-01-05 00:00:00,7136.56
2018-01-08 00:00:00,7157.39
2018-01-09 00:00:00,7163.58
2018-01-10 00:00:00,7153.57
2018-01-11 00:00:00,7211.78
2018-01-12 00:00:00,7261.06
2018-01-15 00:00:00,.
2018-01-16 00:00:00,7223.69
2018-01-17 00:00:00,7298.28
2018-01-18 00:00:00,7296.05
2018-01-19 00:00:00,7336.38
2018-01-22 00:00:00,7408.03
2018-01-23 00:00:00,7460.29
2018-01-24 00:00:00,7415.06
2018-01-25 00:00:00,7411.16
2018-01-26 00:00:00,7505.77
2018-01-29 00:00:00,7466.51
2018-01-30 00:00:00,7402.48
2018-01-31 00:00:00,7411.48
2018-02-01 00:00:00,7385.86
2018-02-02 00:00:00,7240.95
2018-02-05 00:00:00,6967.53
2018-02-06 00:00:00,7115.88
2018-02-07 00:00:00,7051.98
2018-02-08 00:00:00,6777.16
2018-02-09 00:00:00,6874.49
2018-02-12 00:00:00,6981.96
2018-02-13 00:00:00,7013.51
2018-02-14 00:00:00,7143.62
2018-02-15 00:00:00,7256.43
2018-02-16 00:00:00,7239.47
2018-02-19 00:00:00,.
2018-02-20 00:00:00,7234.31
2018-02-21 00:00:00,7218.23
2018-02-22 00:00:00,7210.09
2018-02-23 00:00:00,7337.39
2018-02-26 00:00:00,7421.46
2018-02-27 00:00:00,7330.35
2018-02-28 00:00:00,7273.01
2018-03-01 00:00:00,7180.56
2018-03-02 00:00:00,7257.87
2018-03-05 00:00:00,7330.7
2018-03-06 00:00:00,7372.01
2018-03-07 00:00:00,7396.65
2018-03-08 00:00:00,7427.95
2018-03-09 00:00:00,7560.81
2018-03-12 00:00:00,7588.32
2018-03-13 00:00:00,7511.01
2018-03-14 00:00:00,7496.81
2018-03-15 00:00:00,7481.74
2018-03-16 00:00:00,7481.99
2018-03-19 00:00:00,7344.24
2018-03-20 00:00:00,7364.3
2018-03-21 00:00:00,7345.29
2018-03-22 00:00:00,7166.68
2018-03-23 00:00:00,6992.67
2018-03-26 00:00:00,7220.54
2018-03-27 00:00:00,7008.81
2018-03-28 00:00:00,6949.23
2018-03-29 00:00:00,7063.44
2018-03-30 00:00:00,.
2018-04-02 00:00:00,6870.12
2018-04-03 00:00:00,6941.28
2018-04-04 00:00:00,7042.105
2018-04-05 00:00:00,7076.551
2018-04-06 00:00:00,6915.109
2018-04-09 00:00:00,6950.344
2018-04-10 00:00:00,7094.301
2018-04-11 00:00:00,7069.027
2018-04-12 00:00:00,7140.246
2018-04-13 00:00:00,7106.648
2018-04-16 00:00:00,7156.285
2018-04-17 00:00:00,7281.098
2018-04-18 00:00:00,7295.234
2018-04-19 00:00:00,7238.055
2018-04-20 00:00:00,7146.125
2018-04-23 00:00:00,7128.602
2018-04-24 00:00:00,7007.352
2018-04-25 00:00:00,7003.738
2018-04-26 00:00:00,7118.676
2018-04-27 00:00:00,7119.801
2018-04-30 00:00:00,7066.266
2018-05-01 00:00:00,7130.703
2018-05-02 00:00:00,7100.898
2018-05-03 00:00:00,7088.152
2018-05-04 00:00:00,7209.617
2018-05-07 00:00:00,7265.211
2018-05-08 00:00:00,7266.902
2018-05-09 00:00:00,7339.906
2018-05-10 00:00:00,7404.977
2018-05-11 00:00:00,7402.883
2018-05-14 00:00:00,7411.316
2018-05-15 00:00:00,7351.629
2018-05-16 00:00:00,7398.297
2018-05-17 00:00:00,7382.473
2018-05-18 00:00:00,7354.34
2018-05-21 00:00:00,7394.035
2018-05-22 00:00:00,7378.457
2018-05-23 00:00:00,7425.957
2018-05-24 00:00:00,7424.43
2018-05-25 00:00:00,7433.855
2018-05-28 00:00:00,.
2018-05-29 00:00:00,7396.594
2018-05-30 00:00:00,7462.453
2018-05-31 00:00:00,7442.117
2018-06-01 00:00:00,7554.332
2018-06-04 00:00:00,7606.461
2018-06-05 00:00:00,7637.863
2018-06-06 00:00:00,7689.242
2018-06-07 00:00:00,7635.07
2018-06-08 00:00:00,7645.512
2018-06-11 00:00:00,7659.926
2018-06-12 00:00:00,7703.793
2018-06-13 00:00:00,7695.699
2018-06-14 00:00:00,7761.043
2018-06-15 00:00:00,7746.379
2018-06-18 00:00:00,7747.023
2018-06-19 00:00:00,7725.586
2018-06-20 00:00:00,7781.516
2018-06-21 00:00:00,7712.953
2018-06-22 00:00:00,7692.816
2018-06-25 00:00:00,7532.008
2018-06-26 00:00:00,7561.625
2018-06-27 00:00:00,7445.086
2018-06-28 00:00:00,7503.684
2018-06-29 00:00:00,7510.305
2018-07-02 00:00:00,7567.688
2018-07-03 00:00:00,7502.672
2018-07-04 00:00:00,.
2018-07-05 00:00:00,7586.426
2018-07-06 00:00:00,7688.387
2018-07-09 00:00:00,7756.203
2018-07-10 00:00:00,7759.199
2018-07-11 00:00:00,7716.613
2018-07-12 00:00:00,7823.914
2018-07-13 00:00:00,7825.977
2018-07-16 00:00:00,7805.719
2018-07-17 00:00:00,7855.117
2018-07-18 00:00:00,7854.445
2018-07-19 00:00:00,7825.297
2018-07-20 00:00:00,7820.199
2018-07-23 00:00:00,7841.871
2018-07-24 00:00:00,7840.766
2018-07-25 00:00:00,7932.238
2018-07-26 00:00:00,7852.184
2018-07-27 00:00:00,7737.418
2018-07-30 00:00:00,7630.004
2018-07-31 00:00:00,7671.789
2018-08-01 00:00:00,7707.285
2018-08-02 00:00:00,7802.684
2018-08-03 00:00:00,7812.016
2018-08-06 00:00:00,7859.68
2018-08-07 00:00:00,7883.664
2018-08-08 00:00:00,7888.324
2018-08-09 00:00:00,7891.781
2018-08-10 00:00:00,7839.109
2018-08-13 00:00:00,7819.707
2018-08-14 00:00:00,7870.895
2018-08-15 00:00:00,7774.117
2018-08-16 00:00:00,7806.523
2018-08-17 00:00:00,7816.328
2018-08-20 00:00:00,7821.008
2018-08-21 00:00:00,7859.172
2018-08-22 00:00:00,7889.098
2018-08-23 00:00:00,7878.457
2018-08-24 00:00:00,7945.977
2018-08-27 00:00:00,8017.895
2018-08-28 00:00:00,8030.039
2018-08-29 00:00:00,8109.688
2018-08-30 00:00:00,8088.363
2018-08-31 00:00:00,8109.535
2018-09-03 00:00:00,.
2018-09-04 00:00:00,8091.246
2018-09-05 00:00:00,7995.172
2018-09-06 00:00:00,7922.727
2018-09-07 00:00:00,7902.543
2018-09-10 00:00:00,7924.16
2018-09-11 00:00:00,7972.473
2018-09-12 00:00:00,7954.23
2018-09-13 00:00:00,8013.711
2018-09-14 00:00:00,8010.043
2018-09-17 00:00:00,7895.793
2018-09-18 00:00:00,7956.105
2018-09-19 00:00:00,7950.039
2018-09-20 00:00:00,8028.23
2018-09-21 00:00:00,7986.957
2018-09-24 00:00:00,7993.25
2018-09-25 00:00:00,8007.473
2018-09-26 00:00:00,7990.367
2018-09-27 00:00:00,8041.969
2018-09-28 00:00:00,8046.352
2018-10-01 00:00:00,8037.301
2018-10-02 00:00:00,7999.547
2018-10-03 00:00:00,8025.086
2018-10-04 00:00:00,7879.512
2018-10-05 00:00:00,7788.445
2018-10-08 00:00:00,7735.949
2018-10-09 00:00:00,7738.016
2018-10-10 00:00:00,7422.051
2018-10-11 00:00:00,7329.059
2018-10-12 00:00:00,7496.895
2018-10-15 00:00:00,7430.742
2018-10-16 00:00:00,7645.488
2018-10-17 00:00:00,7642.703
2018-10-18 00:00:00,7485.141
2018-10-19 00:00:00,7449.027
2018-10-22 00:00:00,7468.629
2018-10-23 00:00:00,7437.539
2018-10-24 00:00:00,7108.402
2018-10-25 00:00:00,7318.336
2018-10-26 00:00:00,7167.211
2018-10-29 00:00:00,7050.293
2018-10-30 00:00:00,7161.648
2018-10-31 00:00:00,7305.898
2018-11-01 00:00:00,7434.059
2018-11-02 00:00:00,7356.996
2018-11-05 00:00:00,7328.852
2018-11-06 00:00:00,7375.965
2018-11-07 00:00:00,7570.754
2018-11-08 00:00:00,7530.887
2018-11-09 00:00:00,7406.902
2018-11-12 00:00:00,7200.867
2018-11-13 00:00:00,7200.875
2018-11-14 00:00:00,7136.391
2018-11-15 00:00:00,7259.031
2018-11-16 00:00:00,7247.871
2018-11-19 00:00:00,7028.477
2018-11-20 00:00:00,6908.824
2018-11-21 00:00:00,6972.25
2018-11-22 00:00:00,.
2018-11-23 00:00:00,6938.984
2018-11-26 00:00:00,7081.852
2018-11-27 00:00:00,7082.699
2018-11-28 00:00:00,7291.594
2018-11-29 00:00:00,7273.082
2018-11-30 00:00:00,7330.535
2018-12-03 00:00:00,7441.512
2018-12-04 00:00:00,7158.426
2018-12-05 00:00:00,.
2018-12-06 00:00:00,7188.258
2018-12-07 00:00:00,6969.254
2018-12-10 00:00:00,7020.52
2018-12-11 00:00:00,7031.832
2018-12-12 00:00:00,7098.313
2018-12-13 00:00:00,7070.336
2018-12-14 00:00:00,6910.664
2018-12-17 00:00:00,6753.734
2018-12-18 00:00:00,6783.91
2018-12-19 00:00:00,6636.828
2018-12-20 00:00:00,6528.406
2018-12-21 00:00:00,6332.996
2018-12-24 00:00:00,6192.918
2018-12-25 00:00:00,.
2018-12-26 00:00:00,6554.355
2018-12-27 00:00:00,6579.492
2018-12-28 00:00:00,6584.523
2018-12-31 00:00:00,6635.277
2019-01-01 00:00:00,.
2019-01-02 00:00:00,6665.938
2019-01-03 00:00:00,6463.504
2019-01-04 00:00:00,6738.855
2019-01-07 00:00:00,6823.469
2019-01-08 00:00:00,6897
2019-01-09 00:00:00,6957.078
2019-01-10 00:00:00,6986.066
2019-01-11 00:00:00,6971.477
2019-01-14 00:00:00,6905.914
2019-01-15 00:00:00,7023.836
2019-01-16 00:00:00,7034.691
2019-01-17 00:00:00,7084.465
2019-01-18 00:00:00,7157.227
2019-01-21 00:00:00,.
2019-01-22 00:00:00,7020.355
2019-01-23 00:00:00,7025.766
2019-01-24 00:00:00,7073.461
2019-01-25 00:00:00,7164.863
2019-01-28 00:00:00,7085.684
2019-01-29 00:00:00,7028.289
2019-01-30 00:00:00,7183.078
2019-01-31 00:00:00,7281.738
2019-02-01 00:00:00,7263.867
2019-02-04 00:00:00,7347.535
2019-02-05 00:00:00,7402.086
2019-02-06 00:00:00,7375.281
2019-02-07 00:00:00,7288.352
2019-02-08 00:00:00,7298.199
2019-02-11 00:00:00,7307.906
2019-02-12 00:00:00,7414.617
2019-02-13 00:00:00,7420.379
2019-02-14 00:00:00,7426.953
2019-02-15 00:00:00,7472.41
2019-02-18 00:00:00,.
2019-02-19 00:00:00,7486.766
2019-02-20 00:00:00,7489.07
2019-02-21 00:00:00,7459.707
2019-02-22 00:00:00,7527.543
2019-02-25 00:00:00,7554.461
2019-02-26 00:00:00,7549.297
2019-02-27 00:00:00,7554.508
2019-02-28 00:00:00,7532.531
2019-03-01 00:00:00,7595.352
2019-03-04 00:00:00,7577.566
2019-03-05 00:00:00,7576.359
2019-03-06 00:00:00,7505.918
2019-03-07 00:00:00,7421.465
2019-03-08 00:00:00,7408.141
2019-03-11 00:00:00,7558.063
2019-03-12 00:00:00,7591.031
2019-03-13 00:00:00,7643.406
2019-03-14 00:00:00,7630.91
2019-03-15 00:00:00,7688.527
2019-03-18 00:00:00,7714.477
2019-03-19 00:00:00,7723.945
2019-03-20 00:00:00,7728.969
2019-03-21 00:00:00,7838.961
2019-03-22 00:00:00,7642.668
2019-03-25 00:00:00,7637.543
2019-03-26 00:00:00,7691.523
2019-03-27 00:00:00,7643.379
2019-03-28 00:00:00,7669.164
2019-03-29 00:00:00,7729.32
2019-04-01 00:00:00,7828.91
2019-04-02 00:00:00,7848.688
2019-04-03 00:00:00,7895.551
2019-04-04 00:00:00,7891.785
2019-04-05 00:00:00,7938.691
2019-04-08 00:00:00,7953.883
2019-04-09 00:00:00,7909.277
2019-04-10 00:00:00,7964.242
2019-04-11 00:00:00,7947.359
2019-04-12 00:00:00,7984.164
2019-04-15 00:00:00,7976.012
2019-04-16 00:00:00,8000.227
2019-04-17 00:00:00,7996.078
2019-04-18 00:00:00,7998.063
2019-04-19 00:00:00,7998.063
2019-04-22 00:00:00,8015.266
2019-04-23 00:00:00,8120.82
2019-04-24 00:00:00,8102.016
2019-04-25 00:00:00,8118.684
2019-04-26 00:00:00,8146.398
2019-04-29 00:00:00,8161.852
2019-04-30 00:00:00,8095.387
2019-05-01 00:00:00,8049.641
2019-05-02 00:00:00,8036.773
2019-05-03 00:00:00,8163.996
2019-05-06 00:00:00,8123.289
2019-05-07 00:00:00,7963.758
2019-05-08 00:00:00,7943.32
2019-05-09 00:00:00,7910.586
2019-05-10 00:00:00,7916.941
2019-05-13 00:00:00,7647.023
2019-05-14 00:00:00,7734.492
2019-05-15 00:00:00,7822.148
2019-05-16 00:00:00,7898.047
2019-05-17 00:00:00,7816.285
2019-05-20 00:00:00,7702.375
2019-05-21 00:00:00,7785.723
2019-05-22 00:00:00,7750.844
2019-05-23 00:00:00,7628.285
2019-05-24 00:00:00,7637.008
2019-05-27 00:00:00,.
2019-05-28 00:00:00,7607.352
2019-05-29 00:00:00,7547.309
2019-05-30 00:00:00,7567.715
2019-05-31 00:00:00,7453.148
2019-06-03 00:00:00,7333.02
2019-06-04 00:00:00,7527.117
2019-06-05 00:00:00,7575.477
2019-06-06 00:00:00,7615.555
2019-06-07 00:00:00,7742.102
2019-06-10 00:00:00,7823.168
2019-06-11 00:00:00,7822.566
2019-06-12 00:00:00,7792.719
2019-06-13 00:00:00,7837.129
2019-06-14 00:00:00,7796.66
2019-06-17 00:00:00,7845.023
2019-06-18 00:00:00,7953.883
2019-06-19 00:00:00,7987.324
2019-06-20 00:00:00,8051.34
2019-06-21 00:00:00,8031.707
2019-06-24 00:00:00,8005.695
2019-06-25 00:00:00,7884.715
2019-06-26 00:00:00,7909.973
2019-06-27 00:00:00,7967.758
2019-06-28 00:00:00,8006.242
2019-07-01 00:00:00,8091.164
2019-07-02 00:00:00,8109.094
2019-07-03 00:00:00,8170.23
2019-07-04 00:00:00,.
2019-07-05 00:00:00,8161.789
2019-07-08 00:00:00,8098.383
2019-07-09 00:00:00,8141.727
2019-07-10 00:00:00,8202.531
2019-07-11 00:00:00,8196.043
2019-07-12 00:00:00,8244.145
2019-07-15 00:00:00,8258.184
2019-07-16 00:00:00,8222.797
2019-07-17 00:00:00,8185.207
2019-07-18 00:00:00,8207.242
2019-07-19 00:00:00,8146.488
2019-07-22 00:00:00,8204.137
2019-07-23 00:00:00,8251.402
2019-07-24 00:00:00,8321.5
2019-07-25 00:00:00,8238.539
2019-07-26 00:00:00,8330.211
2019-07-29 00:00:00,8293.328
2019-07-30 00:00:00,8273.613
2019-07-31 00:00:00,8175.418
2019-08-01 00:00:00,8111.121
2019-08-02 00:00:00,8004.074
2019-08-05 00:00:00,7726.039
2019-08-06 00:00:00,7833.266
2019-08-07 00:00:00,7862.824
2019-08-08 00:00:00,8039.156
2019-08-09 00:00:00,7959.141
2019-08-12 00:00:00,7863.41
2019-08-13 00:00:00,8016.359
2019-08-14 00:00:00,7773.938
2019-08-15 00:00:00,7766.617
2019-08-16 00:00:00,7895.992
2019-08-19 00:00:00,8002.813
2019-08-20 00:00:00,7948.559
2019-08-21 00:00:00,8020.207
2019-08-22 00:00:00,7991.387
2019-08-23 00:00:00,7751.766
2019-08-26 00:00:00,7853.734
2019-08-27 00:00:00,7826.945
2019-08-28 00:00:00,7856.883
2019-08-29 00:00:00,7973.395
2019-08-30 00:00:00,7962.883
2019-09-02 00:00:00,.
2019-09-03 00:00:00,7874.16
2019-09-04 00:00:00,7976.879
2019-09-05 00:00:00,8116.828
2019-09-06 00:00:00,8103.074
2019-09-09 00:00:00,8087.438
2019-09-10 00:00:00,8084.156
2019-09-11 00:00:00,8169.68
2019-09-12 00:00:00,8194.469
2019-09-13 00:00:00,8176.715
2019-09-16 00:00:00,8153.543
2019-09-17 00:00:00,8186.016113