DATE,OVXCLS
2014-09-16 00:00:00,18.93
2014-09-17 00:00:00,19.18
2014-09-18 00:00:00,18.98
2014-09-19 00:00:00,18.56
2014-09-22 00:00:00,19.98
2014-09-23 00:00:00,20.73
2014-09-24 00:00:00,19.8
2014-09-25 00:00:00,20.07
2014-09-26 00:00:00,19.42
2014-09-29 00:00:00,19.86
2014-09-30 00:00:00,21.52
2014-10-01 00:00:00,22.38
2014-10-02 00:00:00,23.36
2014-10-03 00:00:00,24.22
2014-10-06 00:00:00,24.62
2014-10-07 00:00:00,25.09
2014-10-08 00:00:00,25.28
2014-10-09 00:00:00,27.72
2014-10-10 00:00:00,30.03
2014-10-13 00:00:00,31.32
2014-10-14 00:00:00,37.23
2014-10-15 00:00:00,36.36
2014-10-16 00:00:00,34.09
2014-10-17 00:00:00,31.16
2014-10-20 00:00:00,29.36
2014-10-21 00:00:00,27.14
2014-10-22 00:00:00,30.68
2014-10-23 00:00:00,31.78
2014-10-24 00:00:00,31.27
2014-10-27 00:00:00,32.44
2014-10-28 00:00:00,30.11
2014-10-29 00:00:00,28.93
2014-10-30 00:00:00,30.45
2014-10-31 00:00:00,30.52
2014-11-03 00:00:00,31.84
2014-11-04 00:00:00,33.13
2014-11-05 00:00:00,31.39
2014-11-06 00:00:00,30.34
2014-11-07 00:00:00,29.47
2014-11-10 00:00:00,30.72
2014-11-11 00:00:00,30.79
2014-11-12 00:00:00,30.71
2014-11-13 00:00:00,33.12
2014-11-14 00:00:00,32.99
2014-11-17 00:00:00,34.39
2014-11-18 00:00:00,33.17
2014-11-19 00:00:00,33.14
2014-11-20 00:00:00,33.64
2014-11-21 00:00:00,34.92
2014-11-24 00:00:00,36.28
2014-11-25 00:00:00,37.49
2014-11-26 00:00:00,36.02
2014-11-27 00:00:00,.
2014-11-28 00:00:00,36.44
2014-12-01 00:00:00,37.49
2014-12-02 00:00:00,38.57
2014-12-03 00:00:00,36.16
2014-12-04 00:00:00,35.39
2014-12-05 00:00:00,34.2
2014-12-08 00:00:00,39.68
2014-12-09 00:00:00,37.56
2014-12-10 00:00:00,42.21
2014-12-11 00:00:00,44.95
2014-12-12 00:00:00,49.77
2014-12-15 00:00:00,57.55
2014-12-16 00:00:00,55.77
2014-12-17 00:00:00,56.75
2014-12-18 00:00:00,57.45
2014-12-19 00:00:00,54.84
2014-12-22 00:00:00,54.82
2014-12-23 00:00:00,53.97
2014-12-24 00:00:00,54.88
2014-12-25 00:00:00,.
2014-12-26 00:00:00,54.68
2014-12-29 00:00:00,53.63
2014-12-30 00:00:00,51.17
2014-12-31 00:00:00,50.24
2015-01-01 00:00:00,.
2015-01-02 00:00:00,54.25
2015-01-05 00:00:00,57.67
2015-01-06 00:00:00,56.45
2015-01-07 00:00:00,53.25
2015-01-08 00:00:00,50.96
2015-01-09 00:00:00,50.07
2015-01-12 00:00:00,53.13
2015-01-13 00:00:00,53.78
2015-01-14 00:00:00,53.17
2015-01-15 00:00:00,57.77
2015-01-16 00:00:00,56.44
2015-01-19 00:00:00,.
2015-01-20 00:00:00,57.99
2015-01-21 00:00:00,55.09
2015-01-22 00:00:00,56.4
2015-01-23 00:00:00,57.62
2015-01-26 00:00:00,56.65
2015-01-27 00:00:00,54.23
2015-01-28 00:00:00,55.18
2015-01-29 00:00:00,54.69
2015-01-30 00:00:00,58.62
2015-02-02 00:00:00,57.84
2015-02-03 00:00:00,59.68
2015-02-04 00:00:00,62.73
2015-02-05 00:00:00,63.14
2015-02-06 00:00:00,60.83
2015-02-09 00:00:00,56
2015-02-10 00:00:00,59.29
2015-02-11 00:00:00,60.23
2015-02-12 00:00:00,58.69
2015-02-13 00:00:00,55.53
2015-02-16 00:00:00,.
2015-02-17 00:00:00,56.33
2015-02-18 00:00:00,55.97
2015-02-19 00:00:00,55.75
2015-02-20 00:00:00,54
2015-02-23 00:00:00,58.67
2015-02-24 00:00:00,56.27
2015-02-25 00:00:00,54.93
2015-02-26 00:00:00,56.46
2015-02-27 00:00:00,55.85
2015-03-02 00:00:00,54.92
2015-03-03 00:00:00,53.05
2015-03-04 00:00:00,48.92
2015-03-05 00:00:00,47.09
2015-03-06 00:00:00,48.96
2015-03-09 00:00:00,48.99
2015-03-10 00:00:00,50.92
2015-03-11 00:00:00,49.17
2015-03-12 00:00:00,49.59
2015-03-13 00:00:00,54.56
2015-03-16 00:00:00,56.93
2015-03-17 00:00:00,59.85
2015-03-18 00:00:00,53.65
2015-03-19 00:00:00,53.82
2015-03-20 00:00:00,50.84
2015-03-23 00:00:00,49.32
2015-03-24 00:00:00,47.94
2015-03-25 00:00:00,47.03
2015-03-26 00:00:00,49.58
2015-03-27 00:00:00,52.84
2015-03-30 00:00:00,51.98
2015-03-31 00:00:00,53.72
2015-04-01 00:00:00,50.9
2015-04-02 00:00:00,49.84
2015-04-03 00:00:00,.
2015-04-06 00:00:00,48.33
2015-04-07 00:00:00,46.25
2015-04-08 00:00:00,48.1
2015-04-09 00:00:00,46.65
2015-04-10 00:00:00,43.04
2015-04-13 00:00:00,44.2
2015-04-14 00:00:00,44.65
2015-04-15 00:00:00,46.14
2015-04-16 00:00:00,43.48
2015-04-17 00:00:00,42
2015-04-20 00:00:00,42.06
2015-04-21 00:00:00,41.04
2015-04-22 00:00:00,39.01
2015-04-23 00:00:00,37.98
2015-04-24 00:00:00,36.61
2015-04-27 00:00:00,37.46
2015-04-28 00:00:00,37.31
2015-04-29 00:00:00,36.68
2015-04-30 00:00:00,36.28
2015-05-01 00:00:00,35.62
2015-05-04 00:00:00,36.2
2015-05-05 00:00:00,36.24
2015-05-06 00:00:00,36.88
2015-05-07 00:00:00,38.13
2015-05-08 00:00:00,35.09
2015-05-11 00:00:00,34.86
2015-05-12 00:00:00,33.74
2015-05-13 00:00:00,34.33
2015-05-14 00:00:00,32.63
2015-05-15 00:00:00,29.95
2015-05-18 00:00:00,30.63
2015-05-19 00:00:00,34.82
2015-05-20 00:00:00,33.7
2015-05-21 00:00:00,31.61
2015-05-22 00:00:00,31.29
2015-05-25 00:00:00,.
2015-05-26 00:00:00,34.66
2015-05-27 00:00:00,35.29
2015-05-28 00:00:00,34.2
2015-05-29 00:00:00,33.74
2015-06-01 00:00:00,35.3
2015-06-02 00:00:00,35.74
2015-06-03 00:00:00,37.4
2015-06-04 00:00:00,38.42
2015-06-05 00:00:00,33.54
2015-06-08 00:00:00,34.04
2015-06-09 00:00:00,33.01
2015-06-10 00:00:00,31.79
2015-06-11 00:00:00,31.76
2015-06-12 00:00:00,31.51
2015-06-15 00:00:00,32.55
2015-06-16 00:00:00,32.39
2015-06-17 00:00:00,32.83
2015-06-18 00:00:00,31.59
2015-06-19 00:00:00,30.4
2015-06-22 00:00:00,30.06
2015-06-23 00:00:00,29.69
2015-06-24 00:00:00,29.6
2015-06-25 00:00:00,29.26
2015-06-26 00:00:00,29.01
2015-06-29 00:00:00,33.64
2015-06-30 00:00:00,32.43
2015-07-01 00:00:00,34.11
2015-07-02 00:00:00,33.8
2015-07-03 00:00:00,.
2015-07-06 00:00:00,40.01
2015-07-07 00:00:00,40.54
2015-07-08 00:00:00,42.2
2015-07-09 00:00:00,42.04
2015-07-10 00:00:00,41.22
2015-07-13 00:00:00,38.08
2015-07-14 00:00:00,36.31
2015-07-15 00:00:00,37.25
2015-07-16 00:00:00,35.92
2015-07-17 00:00:00,34.68
2015-07-20 00:00:00,36.39
2015-07-21 00:00:00,34.97
2015-07-22 00:00:00,37.66
2015-07-23 00:00:00,38.46
2015-07-24 00:00:00,39
2015-07-27 00:00:00,41.15
2015-07-28 00:00:00,39.94
2015-07-29 00:00:00,38.59
2015-07-30 00:00:00,37.33
2015-07-31 00:00:00,38.82
2015-08-03 00:00:00,40.91
2015-08-04 00:00:00,40.12
2015-08-05 00:00:00,40.18
2015-08-06 00:00:00,41.54
2015-08-07 00:00:00,41.17
2015-08-10 00:00:00,40.99
2015-08-11 00:00:00,42.16
2015-08-12 00:00:00,42.4
2015-08-13 00:00:00,43.23
2015-08-14 00:00:00,40.92
2015-08-17 00:00:00,40.35
2015-08-18 00:00:00,39.48
2015-08-19 00:00:00,41.29
2015-08-20 00:00:00,42.58
2015-08-21 00:00:00,44.66
2015-08-24 00:00:00,50.11
2015-08-25 00:00:00,49
2015-08-26 00:00:00,46.87
2015-08-27 00:00:00,49.03
2015-08-28 00:00:00,51.56
2015-08-31 00:00:00,54.37
2015-09-01 00:00:00,57.51
2015-09-02 00:00:00,53.75
2015-09-03 00:00:00,50.44
2015-09-04 00:00:00,49.29
2015-09-07 00:00:00,.
2015-09-08 00:00:00,50.14
2015-09-09 00:00:00,49.5
2015-09-10 00:00:00,50.05
2015-09-11 00:00:00,49.63
2015-09-14 00:00:00,49.81
2015-09-15 00:00:00,51.14
2015-09-16 00:00:00,50.24
2015-09-17 00:00:00,45.34
2015-09-18 00:00:00,45.84
2015-09-21 00:00:00,47.51
2015-09-22 00:00:00,48.9
2015-09-23 00:00:00,51.12
2015-09-24 00:00:00,49.44
2015-09-25 00:00:00,47.71
2015-09-28 00:00:00,49.46
2015-09-29 00:00:00,49.32
2015-09-30 00:00:00,45.52
2015-10-01 00:00:00,44.61
2015-10-02 00:00:00,42.86
2015-10-05 00:00:00,43.03
2015-10-06 00:00:00,44.14
2015-10-07 00:00:00,43.26
2015-10-08 00:00:00,43.28
2015-10-09 00:00:00,42.8
2015-10-12 00:00:00,44.9
2015-10-13 00:00:00,45.37
2015-10-14 00:00:00,42.7
2015-10-15 00:00:00,41.99
2015-10-16 00:00:00,39.58
2015-10-19 00:00:00,40.74
2015-10-20 00:00:00,41.72
2015-10-21 00:00:00,41.77
2015-10-22 00:00:00,40.22
2015-10-23 00:00:00,41.51
2015-10-26 00:00:00,42.99
2015-10-27 00:00:00,44.77
2015-10-28 00:00:00,44.29
2015-10-29 00:00:00,43.63
2015-10-30 00:00:00,41.95
2015-11-02 00:00:00,41.88
2015-11-03 00:00:00,41.27
2015-11-04 00:00:00,41.54
2015-11-05 00:00:00,39.29
2015-11-06 00:00:00,39.85
2015-11-09 00:00:00,41.34
2015-11-10 00:00:00,39.34
2015-11-11 00:00:00,41.92
2015-11-12 00:00:00,43.93
2015-11-13 00:00:00,46.26
2015-11-16 00:00:00,47.44
2015-11-17 00:00:00,46.63
2015-11-18 00:00:00,43.53
2015-11-19 00:00:00,43.75
2015-11-20 00:00:00,44.93
2015-11-23 00:00:00,45.84
2015-11-24 00:00:00,47.17
2015-11-25 00:00:00,48.46
2015-11-26 00:00:00,.
2015-11-27 00:00:00,48.28
2015-11-30 00:00:00,48.14
2015-12-01 00:00:00,49.28
2015-12-02 00:00:00,51.96
2015-12-03 00:00:00,50.65
2015-12-04 00:00:00,45.44
2015-12-07 00:00:00,49
2015-12-08 00:00:00,50.34
2015-12-09 00:00:00,51.53
2015-12-10 00:00:00,51.23
2015-12-11 00:00:00,54.29
2015-12-14 00:00:00,55.36
2015-12-15 00:00:00,50.03
2015-12-16 00:00:00,47.64
2015-12-17 00:00:00,47.45
2015-12-18 00:00:00,49.43
2015-12-21 00:00:00,49.18
2015-12-22 00:00:00,48.84
2015-12-23 00:00:00,47.39
2015-12-24 00:00:00,44.81
2015-12-25 00:00:00,.
2015-12-28 00:00:00,47
2015-12-29 00:00:00,45.27
2015-12-30 00:00:00,46.01
2015-12-31 00:00:00,46.57
2016-01-01 00:00:00,.
2016-01-04 00:00:00,49.79
2016-01-05 00:00:00,49.68
2016-01-06 00:00:00,52.36
2016-01-07 00:00:00,56.15
2016-01-08 00:00:00,56.1
2016-01-11 00:00:00,62.98
2016-01-12 00:00:00,65.27
2016-01-13 00:00:00,60.67
2016-01-14 00:00:00,57.56
2016-01-15 00:00:00,62.09
2016-01-18 00:00:00,.
2016-01-19 00:00:00,64.04
2016-01-20 00:00:00,67.93
2016-01-21 00:00:00,65.79
2016-01-22 00:00:00,61.86
2016-01-25 00:00:00,65.74
2016-01-26 00:00:00,65.89
2016-01-27 00:00:00,65.62
2016-01-28 00:00:00,65.99
2016-01-29 00:00:00,61.86
2016-02-01 00:00:00,66.63
2016-02-02 00:00:00,68.59
2016-02-03 00:00:00,67.71
2016-02-04 00:00:00,66.78
2016-02-05 00:00:00,66.67
2016-02-08 00:00:00,68.38
2016-02-09 00:00:00,72.29
2016-02-10 00:00:00,72.5
2016-02-11 00:00:00,77.79
2016-02-12 00:00:00,78.97
2016-02-15 00:00:00,.
2016-02-16 00:00:00,71.53
2016-02-17 00:00:00,69.47
2016-02-18 00:00:00,67.49
2016-02-19 00:00:00,62.46
2016-02-22 00:00:00,62.84
2016-02-23 00:00:00,65.03
2016-02-24 00:00:00,66.09
2016-02-25 00:00:00,63.74
2016-02-26 00:00:00,59.96
2016-02-29 00:00:00,60.01
2016-03-01 00:00:00,56.84
2016-03-02 00:00:00,53.37
2016-03-03 00:00:00,52.57
2016-03-04 00:00:00,51.89
2016-03-07 00:00:00,52.8
2016-03-08 00:00:00,54.04
2016-03-09 00:00:00,51.74
2016-03-10 00:00:00,51.98
2016-03-11 00:00:00,50.25
2016-03-14 00:00:00,50.17
2016-03-15 00:00:00,48.98
2016-03-16 00:00:00,43.98
2016-03-17 00:00:00,46.22
2016-03-18 00:00:00,44.98
2016-03-21 00:00:00,45.09
2016-03-22 00:00:00,44.12
2016-03-23 00:00:00,44.58
2016-03-24 00:00:00,44.96
2016-03-25 00:00:00,.
2016-03-28 00:00:00,45.98
2016-03-29 00:00:00,46.63
2016-03-30 00:00:00,46.38
2016-03-31 00:00:00,45.91
2016-04-01 00:00:00,47.76
2016-04-04 00:00:00,50.89
2016-04-05 00:00:00,50.16
2016-04-06 00:00:00,46.16
2016-04-07 00:00:00,46.5
2016-04-08 00:00:00,47.42
2016-04-11 00:00:00,49.04
2016-04-12 00:00:00,48.78
2016-04-13 00:00:00,48.79
2016-04-14 00:00:00,46.37
2016-04-15 00:00:00,51.27
2016-04-18 00:00:00,46.45
2016-04-19 00:00:00,43.93
2016-04-20 00:00:00,43.67
2016-04-21 00:00:00,43.76
2016-04-22 00:00:00,41.97
2016-04-25 00:00:00,44.24
2016-04-26 00:00:00,43.51
2016-04-27 00:00:00,43.64
2016-04-28 00:00:00,42.84
2016-04-29 00:00:00,42.52
2016-05-02 00:00:00,45.15
2016-05-03 00:00:00,45.78
2016-05-04 00:00:00,44.76
2016-05-05 00:00:00,44.82
2016-05-06 00:00:00,42.47
2016-05-09 00:00:00,44.14
2016-05-10 00:00:00,42.28
2016-05-11 00:00:00,42.02
2016-05-12 00:00:00,41.5
2016-05-13 00:00:00,41.57
2016-05-16 00:00:00,42.03
2016-05-17 00:00:00,42.75
2016-05-18 00:00:00,42.87
2016-05-19 00:00:00,42.4
2016-05-20 00:00:00,40.17
2016-05-23 00:00:00,39.44
2016-05-24 00:00:00,38.02
2016-05-25 00:00:00,35.94
2016-05-26 00:00:00,36.56
2016-05-27 00:00:00,35.97
2016-05-30 00:00:00,.
2016-05-31 00:00:00,38.08
2016-06-01 00:00:00,40
2016-06-02 00:00:00,36.64
2016-06-03 00:00:00,34.81
2016-06-06 00:00:00,35.61
2016-06-07 00:00:00,36.19
2016-06-08 00:00:00,35.17
2016-06-09 00:00:00,35.9
2016-06-10 00:00:00,39.95
2016-06-13 00:00:00,42.72
2016-06-14 00:00:00,43.07
2016-06-15 00:00:00,42.58
2016-06-16 00:00:00,44.49
2016-06-17 00:00:00,41.35
2016-06-20 00:00:00,38.99
2016-06-21 00:00:00,40.37
2016-06-22 00:00:00,43.25
2016-06-23 00:00:00,40.1
2016-06-24 00:00:00,43.33
2016-06-27 00:00:00,42.85
2016-06-28 00:00:00,40.18
2016-06-29 00:00:00,38.29
2016-06-30 00:00:00,38.09
2016-07-01 00:00:00,36.18
2016-07-04 00:00:00,.
2016-07-05 00:00:00,40.08
2016-07-06 00:00:00,41.43
2016-07-07 00:00:00,43.24
2016-07-08 00:00:00,41.41
2016-07-11 00:00:00,42.51
2016-07-12 00:00:00,39.67
2016-07-13 00:00:00,43.1
2016-07-14 00:00:00,38.3
2016-07-15 00:00:00,36.66
2016-07-18 00:00:00,38.15
2016-07-19 00:00:00,37.2
2016-07-20 00:00:00,37.02
2016-07-21 00:00:00,38.13
2016-07-22 00:00:00,38.85
2016-07-25 00:00:00,40.97
2016-07-26 00:00:00,41.27
2016-07-27 00:00:00,41.6
2016-07-28 00:00:00,42.93
2016-07-29 00:00:00,41.08
2016-08-01 00:00:00,44.22
2016-08-02 00:00:00,45.7
2016-08-03 00:00:00,44.64
2016-08-04 00:00:00,43.1
2016-08-05 00:00:00,41.5
2016-08-08 00:00:00,41.14
2016-08-09 00:00:00,39.76
2016-08-10 00:00:00,39.32
2016-08-11 00:00:00,39.29
2016-08-12 00:00:00,37.78
2016-08-15 00:00:00,37.28
2016-08-16 00:00:00,37.45
2016-08-17 00:00:00,35.12
2016-08-18 00:00:00,36.75
2016-08-19 00:00:00,34.88
2016-08-22 00:00:00,36.41
2016-08-23 00:00:00,37.53
2016-08-24 00:00:00,37.46
2016-08-25 00:00:00,36.76
2016-08-26 00:00:00,36.05
2016-08-29 00:00:00,36.72
2016-08-30 00:00:00,38.03
2016-08-31 00:00:00,39.5
2016-09-01 00:00:00,41.22
2016-09-02 00:00:00,38.64
2016-09-05 00:00:00,.
2016-09-06 00:00:00,39.85
2016-09-07 00:00:00,38.63
2016-09-08 00:00:00,38.21
2016-09-09 00:00:00,39.72
2016-09-12 00:00:00,39.16
2016-09-13 00:00:00,41.1
2016-09-14 00:00:00,42.47
2016-09-15 00:00:00,40.9
2016-09-16 00:00:00,39.86
2016-09-19 00:00:00,39.66
2016-09-20 00:00:00,40.99
2016-09-21 00:00:00,39.85
2016-09-22 00:00:00,41.57
2016-09-23 00:00:00,43.89
2016-09-26 00:00:00,44.9
2016-09-27 00:00:00,43.88
2016-09-28 00:00:00,45.24
2016-09-29 00:00:00,42.05
2016-09-30 00:00:00,39.31
2016-10-03 00:00:00,38.04
2016-10-04 00:00:00,37.66
2016-10-05 00:00:00,36.65
2016-10-06 00:00:00,35.92
2016-10-07 00:00:00,36.6
2016-10-10 00:00:00,36.57
2016-10-11 00:00:00,38.08
2016-10-12 00:00:00,39.05
2016-10-13 00:00:00,37.22
2016-10-14 00:00:00,35.55
2016-10-17 00:00:00,34.88
2016-10-18 00:00:00,36.37
2016-10-19 00:00:00,32.72
2016-10-20 00:00:00,32.48
2016-10-21 00:00:00,32.51
2016-10-24 00:00:00,32.79
2016-10-25 00:00:00,33.93
2016-10-26 00:00:00,35.39
2016-10-27 00:00:00,35.86
2016-10-28 00:00:00,37.76
2016-10-31 00:00:00,40.96
2016-11-01 00:00:00,40.08
2016-11-02 00:00:00,40.86
2016-11-03 00:00:00,41.49
2016-11-04 00:00:00,43.69
2016-11-07 00:00:00,44.2
2016-11-08 00:00:00,43.56
2016-11-09 00:00:00,41.25
2016-11-10 00:00:00,42.44
2016-11-11 00:00:00,45.31
2016-11-14 00:00:00,50.17
2016-11-15 00:00:00,49.43
2016-11-16 00:00:00,50.09
2016-11-17 00:00:00,47.37
2016-11-18 00:00:00,46.56
2016-11-21 00:00:00,45.71
2016-11-22 00:00:00,46.69
2016-11-23 00:00:00,47.54
2016-11-24 00:00:00,.
2016-11-25 00:00:00,53.46
2016-11-28 00:00:00,52.56
2016-11-29 00:00:00,55.09
2016-11-30 00:00:00,44.25
2016-12-01 00:00:00,40.45
2016-12-02 00:00:00,35.51
2016-12-05 00:00:00,37
2016-12-06 00:00:00,37.11
2016-12-07 00:00:00,36.05
2016-12-08 00:00:00,35.03
2016-12-09 00:00:00,35.21
2016-12-12 00:00:00,30.3
2016-12-13 00:00:00,31.35
2016-12-14 00:00:00,33.97
2016-12-15 00:00:00,33.58
2016-12-16 00:00:00,29.18
2016-12-19 00:00:00,29.23
2016-12-20 00:00:00,27.43
2016-12-21 00:00:00,28.39
2016-12-22 00:00:00,30.29
2016-12-23 00:00:00,29.9
2016-12-26 00:00:00,.
2016-12-27 00:00:00,30
2016-12-28 00:00:00,29.91
2016-12-29 00:00:00,30.01
2016-12-30 00:00:00,30.83
2017-01-02 00:00:00,.
2017-01-03 00:00:00,32.88
2017-01-04 00:00:00,32.36
2017-01-05 00:00:00,31.56
2017-01-06 00:00:00,30.47
2017-01-09 00:00:00,33.73
2017-01-10 00:00:00,33.61
2017-01-11 00:00:00,32.95
2017-01-12 00:00:00,32.37
2017-01-13 00:00:00,30.73
2017-01-16 00:00:00,.
2017-01-17 00:00:00,31.25
2017-01-18 00:00:00,31.24
2017-01-19 00:00:00,30.88
2017-01-20 00:00:00,29.19
2017-01-23 00:00:00,30.79
2017-01-24 00:00:00,29.59
2017-01-25 00:00:00,30.41
2017-01-26 00:00:00,29.59
2017-01-27 00:00:00,29.78
2017-01-30 00:00:00,30.94
2017-01-31 00:00:00,31.33
2017-02-01 00:00:00,30.65
2017-02-02 00:00:00,29.39
2017-02-03 00:00:00,28.11
2017-02-06 00:00:00,29.37
2017-02-07 00:00:00,29.61
2017-02-08 00:00:00,29.09
2017-02-09 00:00:00,28.25
2017-02-10 00:00:00,26.43
2017-02-13 00:00:00,26.99
2017-02-14 00:00:00,27.49
2017-02-15 00:00:00,27.75
2017-02-16 00:00:00,27.37
2017-02-17 00:00:00,25.29
2017-02-20 00:00:00,.
2017-02-21 00:00:00,25.79
2017-02-22 00:00:00,27.09
2017-02-23 00:00:00,25.79
2017-02-24 00:00:00,25.72
2017-02-27 00:00:00,25.01
2017-02-28 00:00:00,25.46
2017-03-01 00:00:00,24.67
2017-03-02 00:00:00,25.94
2017-03-03 00:00:00,25.59
2017-03-06 00:00:00,26.96
2017-03-07 00:00:00,26.46
2017-03-08 00:00:00,31.74
2017-03-09 00:00:00,31.98
2017-03-10 00:00:00,33.45
2017-03-13 00:00:00,32.39
2017-03-14 00:00:00,33.19
2017-03-15 00:00:00,30.08
2017-03-16 00:00:00,28.63
2017-03-17 00:00:00,27.45
2017-03-20 00:00:00,28.11
2017-03-21 00:00:00,30.57
2017-03-22 00:00:00,30.05
2017-03-23 00:00:00,29.79
2017-03-24 00:00:00,30.99
2017-03-27 00:00:00,30.78
2017-03-28 00:00:00,29.92
2017-03-29 00:00:00,28.54
2017-03-30 00:00:00,27.82
2017-03-31 00:00:00,27.59
2017-04-03 00:00:00,26.89
2017-04-04 00:00:00,27.97
2017-04-05 00:00:00,27.73
2017-04-06 00:00:00,26.79
2017-04-07 00:00:00,27.46
2017-04-10 00:00:00,26.71
2017-04-11 00:00:00,27.27
2017-04-12 00:00:00,26.92
2017-04-13 00:00:00,26.02
2017-04-14 00:00:00,.
2017-04-17 00:00:00,25.8
2017-04-18 00:00:00,26.88
2017-04-19 00:00:00,29.81
2017-04-20 00:00:00,27.96
2017-04-21 00:00:00,30.06
2017-04-24 00:00:00,29.88
2017-04-25 00:00:00,29.39
2017-04-26 00:00:00,29.32
2017-04-27 00:00:00,29.88
2017-04-28 00:00:00,28.55
2017-05-01 00:00:00,29.42
2017-05-02 00:00:00,32.23
2017-05-03 00:00:00,32.8
2017-05-04 00:00:00,34.67
2017-05-05 00:00:00,33.83
2017-05-08 00:00:00,33.85
2017-05-09 00:00:00,34.21
2017-05-10 00:00:00,34.02
2017-05-11 00:00:00,33.72
2017-05-12 00:00:00,33.72
2017-05-15 00:00:00,33.1
2017-05-16 00:00:00,33.44
2017-05-17 00:00:00,33.9
2017-05-18 00:00:00,32.8
2017-05-19 00:00:00,29.76
2017-05-22 00:00:00,30.59
2017-05-23 00:00:00,31.77
2017-05-24 00:00:00,30.94
2017-05-25 00:00:00,33.03
2017-05-26 00:00:00,30.04
2017-05-29 00:00:00,.
2017-05-30 00:00:00,30.3
2017-05-31 00:00:00,32.29
2017-06-01 00:00:00,31.19
2017-06-02 00:00:00,32.47
2017-06-05 00:00:00,33.71
2017-06-06 00:00:00,32.12
2017-06-07 00:00:00,34.23
2017-06-08 00:00:00,33.84
2017-06-09 00:00:00,32.59
2017-06-12 00:00:00,33.95
2017-06-13 00:00:00,32.34
2017-06-14 00:00:00,32.02
2017-06-15 00:00:00,31.9
2017-06-16 00:00:00,27.93
2017-06-19 00:00:00,30.34
2017-06-20 00:00:00,32.49
2017-06-21 00:00:00,33.32
2017-06-22 00:00:00,32.65
2017-06-23 00:00:00,31.92
2017-06-26 00:00:00,31.77
2017-06-27 00:00:00,32.28
2017-06-28 00:00:00,30.8
2017-06-29 00:00:00,30.46
2017-06-30 00:00:00,28.7
2017-07-03 00:00:00,30.26
2017-07-04 00:00:00,.
2017-07-05 00:00:00,32.61
2017-07-06 00:00:00,32.82
2017-07-07 00:00:00,33.17
2017-07-10 00:00:00,33.23
2017-07-11 00:00:00,33.61
2017-07-12 00:00:00,32.48
2017-07-13 00:00:00,31.76
2017-07-14 00:00:00,30.28
2017-07-17 00:00:00,30.61
2017-07-18 00:00:00,29.96
2017-07-19 00:00:00,29.55
2017-07-20 00:00:00,29.25
2017-07-21 00:00:00,29.25
2017-07-24 00:00:00,29.24
2017-07-25 00:00:00,29.18
2017-07-26 00:00:00,29.44
2017-07-27 00:00:00,29.81
2017-07-28 00:00:00,29.86
2017-07-31 00:00:00,30.84
2017-08-01 00:00:00,30.54
2017-08-02 00:00:00,30.43
2017-08-03 00:00:00,29.65
2017-08-04 00:00:00,28.53
2017-08-07 00:00:00,28.73
2017-08-08 00:00:00,29.44
2017-08-09 00:00:00,29.06
2017-08-10 00:00:00,29.27
2017-08-11 00:00:00,28.41
2017-08-14 00:00:00,29.16
2017-08-15 00:00:00,29.31
2017-08-16 00:00:00,29.18
2017-08-17 00:00:00,29.31
2017-08-18 00:00:00,27.53
2017-08-21 00:00:00,28.77
2017-08-22 00:00:00,27.97
2017-08-23 00:00:00,27.8
2017-08-24 00:00:00,28.37
2017-08-25 00:00:00,28.88
2017-08-28 00:00:00,30.39
2017-08-29 00:00:00,30.49
2017-08-30 00:00:00,29.78
2017-08-31 00:00:00,29.1
2017-09-01 00:00:00,28.97
2017-09-04 00:00:00,.
2017-09-05 00:00:00,29.58
2017-09-06 00:00:00,30.07
2017-09-07 00:00:00,29.73
2017-09-08 00:00:00,29.49
2017-09-11 00:00:00,27.73
2017-09-12 00:00:00,27.59
2017-09-13 00:00:00,26.62
2017-09-14 00:00:00,26.09
2017-09-15 00:00:00,26.65
2017-09-18 00:00:00,27.53
2017-09-19 00:00:00,25.76
2017-09-20 00:00:00,26.99
2017-09-21 00:00:00,26.3
2017-09-22 00:00:00,26.39
2017-09-25 00:00:00,26.93
2017-09-26 00:00:00,27.8
2017-09-27 00:00:00,27.29
2017-09-28 00:00:00,27.18
2017-09-29 00:00:00,26.83
2017-10-02 00:00:00,27.72
2017-10-03 00:00:00,27.95
2017-10-04 00:00:00,27.04
2017-10-05 00:00:00,26.45
2017-10-06 00:00:00,27.59
2017-10-09 00:00:00,27.32
2017-10-10 00:00:00,26.54
2017-10-11 00:00:00,26.43
2017-10-12 00:00:00,25.85
2017-10-13 00:00:00,25.73
2017-10-16 00:00:00,26.32
2017-10-17 00:00:00,25.87
2017-10-18 00:00:00,26.41
2017-10-19 00:00:00,26.3
2017-10-20 00:00:00,24.51
2017-10-23 00:00:00,25.08
2017-10-24 00:00:00,25.6
2017-10-25 00:00:00,25.44
2017-10-26 00:00:00,25.22
2017-10-27 00:00:00,25.18
2017-10-30 00:00:00,25.33
2017-10-31 00:00:00,25.31
2017-11-01 00:00:00,25.65
2017-11-02 00:00:00,25.65
2017-11-03 00:00:00,24.82
2017-11-06 00:00:00,26.85
2017-11-07 00:00:00,28.75
2017-11-08 00:00:00,27.99
2017-11-09 00:00:00,28.37
2017-11-10 00:00:00,29.4
2017-11-13 00:00:00,30.22
2017-11-14 00:00:00,30.08
2017-11-15 00:00:00,29.84
2017-11-16 00:00:00,28.42
2017-11-17 00:00:00,26.96
2017-11-20 00:00:00,27.18
2017-11-21 00:00:00,26.64
2017-11-22 00:00:00,26.83
2017-11-23 00:00:00,.
2017-11-24 00:00:00,26.88
2017-11-27 00:00:00,28.36
2017-11-28 00:00:00,28.13
2017-11-29 00:00:00,28.02
2017-11-30 00:00:00,25.95
2017-12-01 00:00:00,23.73
2017-12-04 00:00:00,23.68
2017-12-05 00:00:00,23.13
2017-12-06 00:00:00,23.13
2017-12-07 00:00:00,23.13
2017-12-08 00:00:00,23.85
2017-12-11 00:00:00,22.96
2017-12-12 00:00:00,22.84
2017-12-13 00:00:00,23.49
2017-12-14 00:00:00,23
2017-12-15 00:00:00,21.25
2017-12-18 00:00:00,18.43
2017-12-19 00:00:00,18.88
2017-12-20 00:00:00,19.46
2017-12-21 00:00:00,17.86
2017-12-22 00:00:00,19.26
2017-12-25 00:00:00,.
2017-12-26 00:00:00,20.99
2017-12-27 00:00:00,20.64
2017-12-28 00:00:00,20.71
2017-12-29 00:00:00,21.32
2018-01-01 00:00:00,.
2018-01-02 00:00:00,22.73
2018-01-03 00:00:00,22.75
2018-01-04 00:00:00,22.12
2018-01-05 00:00:00,22.3
2018-01-08 00:00:00,21.9
2018-01-09 00:00:00,22.96
2018-01-10 00:00:00,23.52
2018-01-11 00:00:00,23.52
2018-01-12 00:00:00,23.52
2018-01-15 00:00:00,.
2018-01-16 00:00:00,26.41
2018-01-17 00:00:00,24.78
2018-01-18 00:00:00,24.38
2018-01-19 00:00:00,21.2
2018-01-22 00:00:00,22.03
2018-01-23 00:00:00,22.34
2018-01-24 00:00:00,23.93
2018-01-25 00:00:00,22.35
2018-01-26 00:00:00,22.29
2018-01-29 00:00:00,22.73
2018-01-30 00:00:00,22.9
2018-01-31 00:00:00,22.23
2018-02-01 00:00:00,22.24
2018-02-02 00:00:00,23.8
2018-02-05 00:00:00,25.91
2018-02-06 00:00:00,26.59
2018-02-07 00:00:00,26.79
2018-02-08 00:00:00,29.5
2018-02-09 00:00:00,29.85
2018-02-12 00:00:00,29.42
2018-02-13 00:00:00,30.39
2018-02-14 00:00:00,27.73
2018-02-15 00:00:00,27.57
2018-02-16 00:00:00,26.97
2018-02-19 00:00:00,.
2018-02-20 00:00:00,27.58
2018-02-21 00:00:00,26.93
2018-02-22 00:00:00,24.98
2018-02-23 00:00:00,24.37
2018-02-26 00:00:00,24.36
2018-02-27 00:00:00,25.29
2018-02-28 00:00:00,26.92
2018-03-01 00:00:00,26.98
2018-03-02 00:00:00,26.15
2018-03-05 00:00:00,26.3
2018-03-06 00:00:00,25.55
2018-03-07 00:00:00,26.94
2018-03-08 00:00:00,26.16
2018-03-09 00:00:00,26.23
2018-03-12 00:00:00,24.02
2018-03-13 00:00:00,25.5
2018-03-14 00:00:00,25.21
2018-03-15 00:00:00,25.07
2018-03-16 00:00:00,24.53
2018-03-19 00:00:00,25.28
2018-03-20 00:00:00,25.3
2018-03-21 00:00:00,25.95
2018-03-22 00:00:00,26.47
2018-03-23 00:00:00,27.56
2018-03-26 00:00:00,27.71
2018-03-27 00:00:00,27.38
2018-03-28 00:00:00,26.67
2018-03-29 00:00:00,25.07
2018-03-30 00:00:00,.
2018-04-02 00:00:00,27.53
2018-04-03 00:00:00,26.89
2018-04-04 00:00:00,26.17
2018-04-05 00:00:00,24.38
2018-04-06 00:00:00,24.99
2018-04-09 00:00:00,25.64
2018-04-10 00:00:00,28.05
2018-04-11 00:00:00,29.42
2018-04-12 00:00:00,28.73
2018-04-13 00:00:00,28.52
2018-04-16 00:00:00,28.84
2018-04-17 00:00:00,27.88
2018-04-18 00:00:00,29.42
2018-04-19 00:00:00,29.36
2018-04-20 00:00:00,28.99
2018-04-23 00:00:00,28.97
2018-04-24 00:00:00,29.15
2018-04-25 00:00:00,28.16
2018-04-26 00:00:00,26.86
2018-04-27 00:00:00,25.59
2018-04-30 00:00:00,28.28
2018-05-01 00:00:00,28.07
2018-05-02 00:00:00,27.32
2018-05-03 00:00:00,26.69
2018-05-04 00:00:00,26.17
2018-05-07 00:00:00,28.86
2018-05-08 00:00:00,26.76
2018-05-09 00:00:00,26.71
2018-05-10 00:00:00,26.61
2018-05-11 00:00:00,25.74
2018-05-14 00:00:00,25.93
2018-05-15 00:00:00,26.61
2018-05-16 00:00:00,25.73
2018-05-17 00:00:00,25.11
2018-05-18 00:00:00,25.23
2018-05-21 00:00:00,25.79
2018-05-22 00:00:00,25.89
2018-05-23 00:00:00,26.04
2018-05-24 00:00:00,25.37
2018-05-25 00:00:00,27.76
2018-05-28 00:00:00,.
2018-05-29 00:00:00,29.04
2018-05-30 00:00:00,27.9
2018-05-31 00:00:00,27.61
2018-06-01 00:00:00,28.65
2018-06-04 00:00:00,29.49
2018-06-05 00:00:00,29.3
2018-06-06 00:00:00,29.14
2018-06-07 00:00:00,28.05
2018-06-08 00:00:00,27.59
2018-06-11 00:00:00,26.86
2018-06-12 00:00:00,26.58
2018-06-13 00:00:00,27.08
2018-06-14 00:00:00,26.69
2018-06-15 00:00:00,27.64
2018-06-18 00:00:00,27.58
2018-06-19 00:00:00,28.01
2018-06-20 00:00:00,28.06
2018-06-21 00:00:00,27.78
2018-06-22 00:00:00,25.52
2018-06-25 00:00:00,26.1
2018-06-26 00:00:00,25.67
2018-06-27 00:00:00,27.69
2018-06-28 00:00:00,27.35
2018-06-29 00:00:00,27.18
2018-07-02 00:00:00,28.65
2018-07-03 00:00:00,28.58
2018-07-04 00:00:00,.
2018-07-05 00:00:00,28.77
2018-07-06 00:00:00,28.13
2018-07-09 00:00:00,28.12
2018-07-10 00:00:00,26.9
2018-07-11 00:00:00,28.56
2018-07-12 00:00:00,27.81
2018-07-13 00:00:00,27.54
2018-07-16 00:00:00,29.01
2018-07-17 00:00:00,28
2018-07-18 00:00:00,27.24
2018-07-19 00:00:00,26.84
2018-07-20 00:00:00,26.01
2018-07-23 00:00:00,26.15
2018-07-24 00:00:00,25.65
2018-07-25 00:00:00,25.34
2018-07-26 00:00:00,24.88
2018-07-27 00:00:00,24.97
2018-07-30 00:00:00,25.83
2018-07-31 00:00:00,26.52
2018-08-01 00:00:00,26.45
2018-08-02 00:00:00,25.73
2018-08-03 00:00:00,25.61
2018-08-06 00:00:00,25.42
2018-08-07 00:00:00,25.22
2018-08-08 00:00:00,26.41
2018-08-09 00:00:00,25.4
2018-08-10 00:00:00,25.45
2018-08-13 00:00:00,25.31
2018-08-14 00:00:00,26.18
2018-08-15 00:00:00,27.26
2018-08-16 00:00:00,26.33
2018-08-17 00:00:00,25.71
2018-08-20 00:00:00,25.26
2018-08-21 00:00:00,25.08
2018-08-22 00:00:00,24.72
2018-08-23 00:00:00,24.35
2018-08-24 00:00:00,23.31
2018-08-27 00:00:00,23.68
2018-08-28 00:00:00,24.5
2018-08-29 00:00:00,24.32
2018-08-30 00:00:00,24.89
2018-08-31 00:00:00,25.02
2018-09-03 00:00:00,.
2018-09-04 00:00:00,26.7
2018-09-05 00:00:00,26.62
2018-09-06 00:00:00,26.16
2018-09-07 00:00:00,26.07
2018-09-10 00:00:00,26.13
2018-09-11 00:00:00,27.14
2018-09-12 00:00:00,26.94
2018-09-13 00:00:00,26.7
2018-09-14 00:00:00,26.4
2018-09-17 00:00:00,26.49
2018-09-18 00:00:00,26.8
2018-09-19 00:00:00,26.35
2018-09-20 00:00:00,26.07
2018-09-21 00:00:00,26.15
2018-09-24 00:00:00,26.97
2018-09-25 00:00:00,26.83
2018-09-26 00:00:00,26.53
2018-09-27 00:00:00,26.45
2018-09-28 00:00:00,26.73
2018-10-01 00:00:00,27.95
2018-10-02 00:00:00,27.68
2018-10-03 00:00:00,28.04
2018-10-04 00:00:00,28.9
2018-10-05 00:00:00,28.84
2018-10-08 00:00:00,28.86
2018-10-09 00:00:00,27.9
2018-10-10 00:00:00,28.81
2018-10-11 00:00:00,29.29
2018-10-12 00:00:00,27.73
2018-10-15 00:00:00,28.59
2018-10-16 00:00:00,28.59
2018-10-17 00:00:00,28.13
2018-10-18 00:00:00,28.53
2018-10-19 00:00:00,27.42
2018-10-22 00:00:00,27.76
2018-10-23 00:00:00,29.38
2018-10-24 00:00:00,29.8
2018-10-25 00:00:00,28.5
2018-10-26 00:00:00,29.09
2018-10-29 00:00:00,29.46
2018-10-30 00:00:00,29.9
2018-10-31 00:00:00,30.12
2018-11-01 00:00:00,31.54
2018-11-02 00:00:00,32.21
2018-11-05 00:00:00,32.68
2018-11-06 00:00:00,34.15
2018-11-07 00:00:00,33.05
2018-11-08 00:00:00,32.23
2018-11-09 00:00:00,35.1
2018-11-12 00:00:00,40.14
2018-11-13 00:00:00,55.71
2018-11-14 00:00:00,47.07
2018-11-15 00:00:00,43.87
2018-11-16 00:00:00,40.56
2018-11-19 00:00:00,43.45
2018-11-20 00:00:00,56.56
2018-11-21 00:00:00,51.79
2018-11-22 00:00:00,.
2018-11-23 00:00:00,65.17
2018-11-26 00:00:00,57.87
2018-11-27 00:00:00,54.64
2018-11-28 00:00:00,53.99
2018-11-29 00:00:00,53.96
2018-11-30 00:00:00,56.04
2018-12-03 00:00:00,49.61
2018-12-04 00:00:00,49.84
2018-12-05 00:00:00,.
2018-12-06 00:00:00,50.13
2018-12-07 00:00:00,41.83
2018-12-10 00:00:00,45.06
2018-12-11 00:00:00,41.46
2018-12-12 00:00:00,39.9
2018-12-13 00:00:00,39.25
2018-12-14 00:00:00,42.38
2018-12-17 00:00:00,46.59
2018-12-18 00:00:00,53.35
2018-12-19 00:00:00,50.86
2018-12-20 00:00:00,52.89
2018-12-21 00:00:00,51.76
2018-12-24 00:00:00,56.73
2018-12-25 00:00:00,.
2018-12-26 00:00:00,54.07
2018-12-27 00:00:00,57.16
2018-12-28 00:00:00,53.11
2018-12-31 00:00:00,51.87
2019-01-01 00:00:00,.
2019-01-02 00:00:00,54.72
2019-01-03 00:00:00,53.57
2019-01-04 00:00:00,51.52
2019-01-07 00:00:00,50.42
2019-01-08 00:00:00,46.08
2019-01-09 00:00:00,44.36
2019-01-10 00:00:00,42.99
2019-01-11 00:00:00,40.99
2019-01-14 00:00:00,40.81
2019-01-15 00:00:00,39.75
2019-01-16 00:00:00,38.77
2019-01-17 00:00:00,37.03
2019-01-18 00:00:00,35.63
2019-01-21 00:00:00,.
2019-01-22 00:00:00,38.26
2019-01-23 00:00:00,37.69
2019-01-24 00:00:00,36.75
2019-01-25 00:00:00,35.21
2019-01-28 00:00:00,37.61
2019-01-29 00:00:00,37.13
2019-01-30 00:00:00,35.59
2019-01-31 00:00:00,34.97
2019-02-01 00:00:00,33.4
2019-02-04 00:00:00,33.7
2019-02-05 00:00:00,34.57
2019-02-06 00:00:00,33.02
2019-02-07 00:00:00,34.34
2019-02-08 00:00:00,32.56
2019-02-11 00:00:00,33.34
2019-02-12 00:00:00,32.69
2019-02-13 00:00:00,32.26
2019-02-14 00:00:00,32.1
2019-02-15 00:00:00,29.46
2019-02-18 00:00:00,.
2019-02-19 00:00:00,31
2019-02-20 00:00:00,30.76
2019-02-21 00:00:00,30.16
2019-02-22 00:00:00,29.85
2019-02-25 00:00:00,32.69
2019-02-26 00:00:00,31.57
2019-02-27 00:00:00,31.01
2019-02-28 00:00:00,30.27
2019-03-01 00:00:00,30.31
2019-03-04 00:00:00,30.2
2019-03-05 00:00:00,29.79
2019-03-06 00:00:00,29.69
2019-03-07 00:00:00,30.43
2019-03-08 00:00:00,29.77
2019-03-11 00:00:00,29.18
2019-03-12 00:00:00,28.56
2019-03-13 00:00:00,28.13
2019-03-14 00:00:00,27.22
2019-03-15 00:00:00,26.27
2019-03-18 00:00:00,26.48
2019-03-19 00:00:00,28.44
2019-03-20 00:00:00,27.21
2019-03-21 00:00:00,27.14
2019-03-22 00:00:00,27.78
2019-03-25 00:00:00,29.32
2019-03-26 00:00:00,27.92
2019-03-27 00:00:00,28.11
2019-03-28 00:00:00,28.52
2019-03-29 00:00:00,26.75
2019-04-01 00:00:00,26.23
2019-04-02 00:00:00,26.28
2019-04-03 00:00:00,25.57
2019-04-04 00:00:00,25.22
2019-04-05 00:00:00,24
2019-04-08 00:00:00,24.33
2019-04-09 00:00:00,24.66
2019-04-10 00:00:00,24.68
2019-04-11 00:00:00,25.7
2019-04-12 00:00:00,25.7
2019-04-15 00:00:00,25.51
2019-04-16 00:00:00,25.57
2019-04-17 00:00:00,25.19
2019-04-18 00:00:00,24.45
2019-04-19 00:00:00,.
2019-04-22 00:00:00,26.07
2019-04-23 00:00:00,26.56
2019-04-24 00:00:00,25.28
2019-04-25 00:00:00,25.57
2019-04-26 00:00:00,31.24
2019-04-29 00:00:00,29.04
2019-04-30 00:00:00,29.31
2019-05-01 00:00:00,29.41
2019-05-02 00:00:00,30.49
2019-05-03 00:00:00,29.88
2019-05-06 00:00:00,30.91
2019-05-07 00:00:00,34.07
2019-05-08 00:00:00,32.23
2019-05-09 00:00:00,32.48
2019-05-10 00:00:00,32.8
2019-05-13 00:00:00,34.6
2019-05-14 00:00:00,32.13
2019-05-15 00:00:00,29.26
2019-05-16 00:00:00,29.42
2019-05-17 00:00:00,29.44
2019-05-20 00:00:00,27.63
2019-05-21 00:00:00,26.93
2019-05-22 00:00:00,28.19
2019-05-23 00:00:00,33.79
2019-05-24 00:00:00,33.19
2019-05-27 00:00:00,.
2019-05-28 00:00:00,34.36
2019-05-29 00:00:00,36.43
2019-05-30 00:00:00,39.62
2019-05-31 00:00:00,46.91
2019-06-03 00:00:00,46.78
2019-06-04 00:00:00,43.46
2019-06-05 00:00:00,45.19
2019-06-06 00:00:00,40.66
2019-06-07 00:00:00,38.75
2019-06-10 00:00:00,39.12
2019-06-11 00:00:00,38.69
2019-06-12 00:00:00,43.06
2019-06-13 00:00:00,41.56
2019-06-14 00:00:00,42.89
2019-06-17 00:00:00,46.15
2019-06-18 00:00:00,43.43
2019-06-19 00:00:00,40.79
2019-06-20 00:00:00,41.66
2019-06-21 00:00:00,42.13
2019-06-24 00:00:00,41
2019-06-25 00:00:00,40.26
2019-06-26 00:00:00,38.45
2019-06-27 00:00:00,37.84
2019-06-28 00:00:00,39.46
2019-07-01 00:00:00,35.92
2019-07-02 00:00:00,37.77
2019-07-03 00:00:00,36.72
2019-07-04 00:00:00,.
2019-07-05 00:00:00,34.7
2019-07-08 00:00:00,34
2019-07-09 00:00:00,30.3
2019-07-10 00:00:00,30.76
2019-07-11 00:00:00,29.86
2019-07-12 00:00:00,30.39
2019-07-15 00:00:00,30.83
2019-07-16 00:00:00,32.06
2019-07-17 00:00:00,34.94
2019-07-18 00:00:00,33.07
2019-07-19 00:00:00,34.84
2019-07-22 00:00:00,33.63
2019-07-23 00:00:00,32.25
2019-07-24 00:00:00,32.86
2019-07-25 00:00:00,31.95
2019-07-26 00:00:00,32.29
2019-07-29 00:00:00,31.63
2019-07-30 00:00:00,30.07
2019-07-31 00:00:00,30.77
2019-08-01 00:00:00,36.43
2019-08-02 00:00:00,35.56
2019-08-05 00:00:00,37.04
2019-08-06 00:00:00,36.43
2019-08-07 00:00:00,38.1
2019-08-08 00:00:00,35.98
2019-08-09 00:00:00,35.14
2019-08-12 00:00:00,34.43
2019-08-13 00:00:00,33.19
2019-08-14 00:00:00,35.83
2019-08-15 00:00:00,36.2
2019-08-16 00:00:00,35.02
2019-08-19 00:00:00,32.99
2019-08-20 00:00:00,32.34
2019-08-21 00:00:00,32.39
2019-08-22 00:00:00,32.39
2019-08-23 00:00:00,35.2
2019-08-26 00:00:00,35.42
2019-08-27 00:00:00,33.73
2019-08-28 00:00:00,32.72
2019-08-29 00:00:00,31.82
2019-08-30 00:00:00,32.16
2019-09-02 00:00:00,.
2019-09-03 00:00:00,35.73
2019-09-04 00:00:00,34.56
2019-09-05 00:00:00,33.5
2019-09-06 00:00:00,33.21
2019-09-09 00:00:00,33.28
2019-09-10 00:00:00,33.55
2019-09-11 00:00:00,34.94
2019-09-12 00:00:00,35.58
2019-09-13 00:00:00,35.48
2019-09-16 00:00:00,48.58